symbol,exchange,name,rows,start_datetime,end_datetime,file_path
AP0,CZCE,苹果连续,1997,2017-12-22 00:00:00,2026-03-27 00:00:00,./vnpy_futures_csv/AP0.csv
CF0,CZCE,棉花连续,5164,2005-01-04 00:00:00,2026-03-27 00:00:00,./vnpy_futures_csv/CF0.csv
CJ0,CZCE,红枣连续,1673,2019-05-06 00:00:00,2026-03-27 00:00:00,./vnpy_futures_csv/CJ0.csv
CY0,CZCE,棉纱连续,2051,2017-08-23 00:00:00,2026-03-27 00:00:00,./vnpy_futures_csv/CY0.csv
FG0,CZCE,玻璃连续,3223,2012-12-03 00:00:00,2026-03-27 00:00:00,./vnpy_futures_csv/FG0.csv
JR0,CZCE,粳稻连续,1194,2013-11-18 00:00:00,2022-12-30 00:00:00,./vnpy_futures_csv/JR0.csv
LR0,CZCE,晚籼稻连续,939,2014-07-08 00:00:00,2022-06-29 00:00:00,./vnpy_futures_csv/LR0.csv
MA0,CZCE,甲醇连续,2727,2014-12-24 00:00:00,2026-03-27 00:00:00,./vnpy_futures_csv/MA0.csv
OI0,CZCE,菜油连续,4567,2007-06-08 00:00:00,2026-03-27 00:00:00,./vnpy_futures_csv/OI0.csv
PF0,CZCE,短纤连续,1325,2020-10-12 00:00:00,2026-03-27 00:00:00,./vnpy_futures_csv/PF0.csv
PK0,CZCE,花生连续,1246,2021-02-01 00:00:00,2026-03-27 00:00:00,./vnpy_futures_csv/PK0.csv
PL0,CZCE,丙烯连续,165,2025-07-22 00:00:00,2026-03-27 00:00:00,./vnpy_futures_csv/PL0.csv
PR0,CZCE,瓶片连续,378,2024-08-30 00:00:00,2026-03-27 00:00:00,./vnpy_futures_csv/PR0.csv
PX0,CZCE,对二甲苯连续,609,2023-09-15 00:00:00,2026-03-27 00:00:00,./vnpy_futures_csv/PX0.csv
RI0,CZCE,早籼稻连续,2430,2009-04-20 00:00:00,2022-06-30 00:00:00,./vnpy_futures_csv/RI0.csv
RM0,CZCE,菜粕连续,3209,2012-12-28 00:00:00,2026-03-27 00:00:00,./vnpy_futures_csv/RM0.csv
RS0,CZCE,菜籽连续,2611,2012-12-28 00:00:00,2026-03-27 00:00:00,./vnpy_futures_csv/RS0.csv
SA0,CZCE,纯碱连续,1527,2019-12-06 00:00:00,2026-03-27 00:00:00,./vnpy_futures_csv/SA0.csv
SF0,CZCE,硅铁连续,2794,2014-08-12 00:00:00,2026-03-27 00:00:00,./vnpy_futures_csv/SF0.csv
SH0,CZCE,烧碱连续,609,2023-09-15 00:00:00,2026-03-27 00:00:00,./vnpy_futures_csv/SH0.csv
SM0,CZCE,锰硅连续,2777,2014-08-12 00:00:00,2026-03-27 00:00:00,./vnpy_futures_csv/SM0.csv
SR0,CZCE,白糖连续,4907,2006-01-12 00:00:00,2026-03-27 00:00:00,./vnpy_futures_csv/SR0.csv
TA0,CZCE,PTA连续,4681,2006-12-19 00:00:00,2026-03-27 00:00:00,./vnpy_futures_csv/TA0.csv
UR0,CZCE,尿素连续,1606,2019-08-09 00:00:00,2026-03-27 00:00:00,./vnpy_futures_csv/UR0.csv
WH0,CZCE,强麦连续,4157,2005-01-04 00:00:00,2023-02-28 00:00:00,./vnpy_futures_csv/WH0.csv
A0,DCE,豆一连续,5163,2005-01-04 00:00:00,2026-03-27 00:00:00,./vnpy_futures_csv/A0.csv
B0,DCE,豆二连续,4368,2007-08-27 00:00:00,2026-03-27 00:00:00,./vnpy_futures_csv/B0.csv
BZ0,DCE,纯苯连续,175,2025-07-08 00:00:00,2026-03-27 00:00:00,./vnpy_futures_csv/BZ0.csv
C0,DCE,玉米连续,5160,2005-01-04 00:00:00,2026-03-27 00:00:00,./vnpy_futures_csv/C0.csv
CS0,DCE,淀粉连续,2734,2014-12-22 00:00:00,2026-03-27 00:00:00,./vnpy_futures_csv/CS0.csv
EB0,DCE,苯乙烯连续,1573,2019-09-26 00:00:00,2026-03-27 00:00:00,./vnpy_futures_csv/EB0.csv
EG0,DCE,乙二醇连续,1767,2018-12-10 00:00:00,2026-03-27 00:00:00,./vnpy_futures_csv/EG0.csv
FB0,DCE,纤维板连续,2664,2013-12-06 00:00:00,2026-03-27 00:00:00,./vnpy_futures_csv/FB0.csv
I0,DCE,铁矿石连续,3024,2013-10-18 00:00:00,2026-03-27 00:00:00,./vnpy_futures_csv/I0.csv
J0,DCE,焦炭连续,3628,2011-04-15 00:00:00,2026-03-27 00:00:00,./vnpy_futures_csv/J0.csv
JD0,DCE,鸡蛋连续,3010,2013-11-08 00:00:00,2026-03-27 00:00:00,./vnpy_futures_csv/JD0.csv
JM0,DCE,焦煤连续,3156,2013-03-22 00:00:00,2026-03-27 00:00:00,./vnpy_futures_csv/JM0.csv
L0,DCE,塑料连续,4538,2007-07-31 00:00:00,2026-03-27 00:00:00,./vnpy_futures_csv/L0.csv
LG0,DCE,原木连续,329,2024-11-18 00:00:00,2026-03-27 00:00:00,./vnpy_futures_csv/LG0.csv
LH0,DCE,生猪连续,1262,2021-01-08 00:00:00,2026-03-27 00:00:00,./vnpy_futures_csv/LH0.csv
M0,DCE,豆粕连续,5166,2005-01-04 00:00:00,2026-03-27 00:00:00,./vnpy_futures_csv/M0.csv
P0,DCE,棕榈油连续,4477,2007-10-29 00:00:00,2026-03-27 00:00:00,./vnpy_futures_csv/P0.csv
PG0,DCE,液化石油气连续,1453,2020-03-30 00:00:00,2026-03-27 00:00:00,./vnpy_futures_csv/PG0.csv
PP0,DCE,聚丙烯连续,2935,2014-02-28 00:00:00,2026-03-27 00:00:00,./vnpy_futures_csv/PP0.csv
RR0,DCE,粳米连续,1601,2019-08-16 00:00:00,2026-03-27 00:00:00,./vnpy_futures_csv/RR0.csv
V0,DCE,PVC连续,4084,2009-05-25 00:00:00,2026-03-27 00:00:00,./vnpy_futures_csv/V0.csv
Y0,DCE,豆油连续,4909,2006-01-09 00:00:00,2026-03-27 00:00:00,./vnpy_futures_csv/Y0.csv
BC0,INE,国际铜连续,1297,2020-11-19 00:00:00,2026-03-27 00:00:00,./vnpy_futures_csv/BC0.csv
EC0,INE,集运指数欧线期货连续,629,2023-08-18 00:00:00,2026-03-27 00:00:00,./vnpy_futures_csv/EC0.csv
LU0,INE,低硫燃料油连续,1397,2020-06-22 00:00:00,2026-03-27 00:00:00,./vnpy_futures_csv/LU0.csv
NR0,INE,20号胶连续,1605,2019-08-12 00:00:00,2026-03-27 00:00:00,./vnpy_futures_csv/NR0.csv
SC0,INE,上海原油连续,1941,2018-03-26 00:00:00,2026-03-27 00:00:00,./vnpy_futures_csv/SC0.csv
AD0,SHFE,铸造铝合金连续,195,2025-06-10 00:00:00,2026-03-27 00:00:00,./vnpy_futures_csv/AD0.csv
AG0,SHFE,白银连续,3377,2012-05-10 00:00:00,2026-03-27 00:00:00,./vnpy_futures_csv/AG0.csv
AL0,SHFE,铝连续,5163,2005-01-04 00:00:00,2026-03-27 00:00:00,./vnpy_futures_csv/AL0.csv
AO0,SHFE,氧化铝连续,671,2023-06-19 00:00:00,2026-03-27 00:00:00,./vnpy_futures_csv/AO0.csv
AU0,SHFE,黄金连续,4436,2008-01-09 00:00:00,2026-03-27 00:00:00,./vnpy_futures_csv/AU0.csv
BR0,SHFE,丁二烯橡胶连续,644,2023-07-28 00:00:00,2026-03-27 00:00:00,./vnpy_futures_csv/BR0.csv
BU0,SHFE,沥青连续,3029,2013-10-09 00:00:00,2026-03-27 00:00:00,./vnpy_futures_csv/BU0.csv
CU0,SHFE,铜连续,5163,2005-01-04 00:00:00,2026-03-27 00:00:00,./vnpy_futures_csv/CU0.csv
FU0,SHFE,燃料油连续,5138,2005-01-04 00:00:00,2026-03-27 00:00:00,./vnpy_futures_csv/FU0.csv
HC0,SHFE,热轧卷板连续,2925,2014-03-21 00:00:00,2026-03-27 00:00:00,./vnpy_futures_csv/HC0.csv
NI0,SHFE,镍连续,2675,2015-03-27 00:00:00,2026-03-27 00:00:00,./vnpy_futures_csv/NI0.csv
OP0,SHFE,胶版印刷纸连续,129,2025-09-10 00:00:00,2026-03-27 00:00:00,./vnpy_futures_csv/OP0.csv
PB0,SHFE,铅连续,3646,2011-03-24 00:00:00,2026-03-27 00:00:00,./vnpy_futures_csv/PB0.csv
RB0,SHFE,螺纹钢连续,4127,2009-03-27 00:00:00,2026-03-27 00:00:00,./vnpy_futures_csv/RB0.csv
RU0,SHFE,天然橡胶连续,5161,2005-01-04 00:00:00,2026-03-27 00:00:00,./vnpy_futures_csv/RU0.csv
SN0,SHFE,锡连续,2675,2015-03-27 00:00:00,2026-03-27 00:00:00,./vnpy_futures_csv/SN0.csv
SP0,SHFE,纸浆连续,1776,2018-11-27 00:00:00,2026-03-27 00:00:00,./vnpy_futures_csv/SP0.csv
SS0,SHFE,不锈钢连续,1574,2019-09-25 00:00:00,2026-03-27 00:00:00,./vnpy_futures_csv/SS0.csv
ZN0,SHFE,沪锌连续,4626,2007-03-26 00:00:00,2026-03-27 00:00:00,./vnpy_futures_csv/ZN0.csv
