symbol,exchange,interval,datetime,open,high,low,close,volume,open_interest,turnover
PK0,CZCE,d,2021-02-01 00:00:00,9866.0,10630.0,9866.0,10504.0,521558,45054,0.0
PK0,CZCE,d,2021-02-02 00:00:00,10504.0,10754.0,10352.0,10414.0,566353,44592,0.0
PK0,CZCE,d,2021-02-03 00:00:00,10330.0,10396.0,10124.0,10304.0,365639,39129,0.0
PK0,CZCE,d,2021-02-04 00:00:00,10348.0,10416.0,10232.0,10302.0,163381,34081,0.0
PK0,CZCE,d,2021-02-05 00:00:00,10340.0,10400.0,10266.0,10288.0,102226,27237,0.0
PK0,CZCE,d,2021-02-08 00:00:00,10290.0,10466.0,10284.0,10346.0,92351,25857,0.0
PK0,CZCE,d,2021-02-09 00:00:00,10380.0,10444.0,10354.0,10376.0,67913,21307,0.0
PK0,CZCE,d,2021-02-10 00:00:00,10398.0,10424.0,10290.0,10354.0,43182,18297,0.0
PK0,CZCE,d,2021-02-18 00:00:00,10398.0,10498.0,10380.0,10400.0,29513,18231,0.0
PK0,CZCE,d,2021-02-19 00:00:00,10416.0,10422.0,10216.0,10368.0,26687,18047,0.0
PK0,CZCE,d,2021-02-22 00:00:00,10408.0,10732.0,10404.0,10650.0,56427,21270,0.0
PK0,CZCE,d,2021-02-23 00:00:00,10700.0,10966.0,10520.0,10702.0,91217,21664,0.0
PK0,CZCE,d,2021-02-24 00:00:00,10750.0,10798.0,10564.0,10710.0,42202,20897,0.0
PK0,CZCE,d,2021-02-25 00:00:00,10732.0,10920.0,10732.0,10862.0,36914,21839,0.0
PK0,CZCE,d,2021-02-26 00:00:00,10764.0,10860.0,10654.0,10816.0,27362,19360,0.0
PK0,CZCE,d,2021-03-01 00:00:00,10898.0,11288.0,10896.0,11128.0,71843,21879,0.0
PK0,CZCE,d,2021-03-02 00:00:00,11050.0,11210.0,10830.0,10922.0,47500,20169,0.0
PK0,CZCE,d,2021-03-03 00:00:00,10960.0,11018.0,10788.0,10902.0,30513,19245,0.0
PK0,CZCE,d,2021-03-04 00:00:00,10920.0,11022.0,10840.0,10936.0,29730,19203,0.0
PK0,CZCE,d,2021-03-05 00:00:00,10910.0,10940.0,10602.0,10786.0,21467,16699,0.0
PK0,CZCE,d,2021-03-08 00:00:00,11250.0,11300.0,10950.0,11060.0,36395,19003,0.0
PK0,CZCE,d,2021-03-09 00:00:00,11000.0,11064.0,10796.0,10812.0,20262,16718,0.0
PK0,CZCE,d,2021-03-10 00:00:00,10856.0,10980.0,10772.0,10898.0,21550,16936,0.0
PK0,CZCE,d,2021-03-11 00:00:00,10818.0,10880.0,10720.0,10844.0,17917,16393,0.0
PK0,CZCE,d,2021-03-12 00:00:00,10956.0,10956.0,10804.0,10852.0,10752,15939,0.0
PK0,CZCE,d,2021-03-15 00:00:00,10864.0,10890.0,10800.0,10868.0,10809,15810,0.0
PK0,CZCE,d,2021-03-16 00:00:00,10880.0,10940.0,10766.0,10774.0,15695,15539,0.0
PK0,CZCE,d,2021-03-17 00:00:00,10738.0,10762.0,10630.0,10702.0,9253,14948,0.0
PK0,CZCE,d,2021-03-18 00:00:00,10662.0,10702.0,10560.0,10596.0,13815,14242,0.0
PK0,CZCE,d,2021-03-19 00:00:00,10558.0,10560.0,10410.0,10468.0,12619,12394,0.0
PK0,CZCE,d,2021-03-22 00:00:00,10510.0,10600.0,10454.0,10480.0,8503,12264,0.0
PK0,CZCE,d,2021-03-23 00:00:00,10630.0,10638.0,10506.0,10570.0,9629,11929,0.0
PK0,CZCE,d,2021-03-24 00:00:00,10504.0,10556.0,10458.0,10544.0,5431,11276,0.0
PK0,CZCE,d,2021-03-25 00:00:00,10552.0,10684.0,10536.0,10642.0,9441,10707,0.0
PK0,CZCE,d,2021-03-26 00:00:00,10550.0,10582.0,10462.0,10510.0,9028,10014,0.0
PK0,CZCE,d,2021-03-29 00:00:00,10460.0,10514.0,10334.0,10356.0,9960,10736,0.0
PK0,CZCE,d,2021-03-30 00:00:00,10374.0,10430.0,10350.0,10422.0,6630,10256,0.0
PK0,CZCE,d,2021-03-31 00:00:00,10378.0,10426.0,10310.0,10400.0,6516,9686,0.0
PK0,CZCE,d,2021-04-01 00:00:00,10496.0,10574.0,10454.0,10516.0,10939,9389,0.0
PK0,CZCE,d,2021-04-02 00:00:00,10482.0,10534.0,10468.0,10510.0,4255,9156,0.0
PK0,CZCE,d,2021-04-06 00:00:00,10482.0,10530.0,10350.0,10508.0,3611,9188,0.0
PK0,CZCE,d,2021-04-07 00:00:00,10548.0,10750.0,10534.0,10588.0,16007,9866,0.0
PK0,CZCE,d,2021-04-08 00:00:00,10532.0,10606.0,10524.0,10576.0,4715,9757,0.0
PK0,CZCE,d,2021-04-09 00:00:00,10622.0,10630.0,10426.0,10432.0,7173,9171,0.0
PK0,CZCE,d,2021-04-12 00:00:00,10370.0,10446.0,10360.0,10376.0,6864,9615,0.0
PK0,CZCE,d,2021-04-13 00:00:00,10372.0,10390.0,10268.0,10340.0,7951,10278,0.0
PK0,CZCE,d,2021-04-14 00:00:00,10390.0,10416.0,10322.0,10344.0,4420,10311,0.0
PK0,CZCE,d,2021-04-15 00:00:00,10362.0,10398.0,10310.0,10364.0,6274,10616,0.0
PK0,CZCE,d,2021-04-16 00:00:00,10380.0,10446.0,10380.0,10434.0,7477,10643,0.0
PK0,CZCE,d,2021-04-19 00:00:00,10450.0,10628.0,10250.0,10374.0,6255,10424,0.0
PK0,CZCE,d,2021-04-20 00:00:00,10372.0,10418.0,10352.0,10408.0,3998,10417,0.0
PK0,CZCE,d,2021-04-21 00:00:00,10422.0,10430.0,10326.0,10350.0,5863,10628,0.0
PK0,CZCE,d,2021-04-22 00:00:00,10366.0,10520.0,10358.0,10494.0,13002,11528,0.0
PK0,CZCE,d,2021-04-23 00:00:00,10530.0,10580.0,10468.0,10486.0,8651,11943,0.0
PK0,CZCE,d,2021-04-26 00:00:00,10520.0,10578.0,10450.0,10466.0,7164,11796,0.0
PK0,CZCE,d,2021-04-27 00:00:00,10514.0,10548.0,10476.0,10514.0,8284,12569,0.0
PK0,CZCE,d,2021-04-28 00:00:00,10450.0,10468.0,10382.0,10390.0,9409,11414,0.0
PK0,CZCE,d,2021-04-29 00:00:00,10450.0,10458.0,10368.0,10412.0,5746,11162,0.0
PK0,CZCE,d,2021-04-30 00:00:00,10376.0,10446.0,10334.0,10418.0,5233,10595,0.0
PK0,CZCE,d,2021-05-06 00:00:00,10438.0,10568.0,10436.0,10538.0,11439,12174,0.0
PK0,CZCE,d,2021-05-07 00:00:00,10560.0,10646.0,10550.0,10572.0,10760,12919,0.0
PK0,CZCE,d,2021-05-10 00:00:00,10600.0,10650.0,10540.0,10578.0,8992,12828,0.0
PK0,CZCE,d,2021-05-11 00:00:00,10550.0,10562.0,10300.0,10304.0,14635,11737,0.0
PK0,CZCE,d,2021-05-12 00:00:00,10350.0,10374.0,10082.0,10292.0,30777,14480,0.0
PK0,CZCE,d,2021-05-13 00:00:00,10252.0,10520.0,10228.0,10264.0,16475,13697,0.0
PK0,CZCE,d,2021-05-14 00:00:00,10230.0,10244.0,10128.0,10184.0,13064,13869,0.0
PK0,CZCE,d,2021-05-17 00:00:00,10244.0,10288.0,10158.0,10238.0,7858,13317,0.0
PK0,CZCE,d,2021-05-18 00:00:00,10224.0,10260.0,10186.0,10210.0,5915,13248,0.0
PK0,CZCE,d,2021-05-19 00:00:00,10170.0,10182.0,10122.0,10140.0,8080,13083,0.0
PK0,CZCE,d,2021-05-20 00:00:00,10000.0,10266.0,9902.0,10196.0,15703,13378,0.0
PK0,CZCE,d,2021-05-21 00:00:00,10162.0,10458.0,10162.0,10346.0,40500,16007,0.0
PK0,CZCE,d,2021-05-24 00:00:00,10328.0,10360.0,10200.0,10238.0,16745,14907,0.0
PK0,CZCE,d,2021-05-25 00:00:00,10250.0,10300.0,10230.0,10280.0,8999,14878,0.0
PK0,CZCE,d,2021-05-26 00:00:00,10206.0,10252.0,10050.0,10056.0,16468,15189,0.0
PK0,CZCE,d,2021-05-27 00:00:00,10030.0,10108.0,9998.0,10040.0,15347,16321,0.0
PK0,CZCE,d,2021-05-28 00:00:00,10122.0,10158.0,10050.0,10062.0,11596,15624,0.0
PK0,CZCE,d,2021-05-31 00:00:00,10062.0,10078.0,9960.0,10024.0,15941,16320,0.0
PK0,CZCE,d,2021-06-01 00:00:00,10042.0,10052.0,9982.0,10012.0,10879,16408,0.0
PK0,CZCE,d,2021-06-02 00:00:00,10026.0,10118.0,10006.0,10050.0,14460,16007,0.0
PK0,CZCE,d,2021-06-03 00:00:00,10094.0,10120.0,10030.0,10066.0,9055,16192,0.0
PK0,CZCE,d,2021-06-04 00:00:00,10036.0,10066.0,9980.0,9984.0,10691,16684,0.0
PK0,CZCE,d,2021-06-07 00:00:00,10010.0,10018.0,9348.0,9398.0,118861,31063,0.0
PK0,CZCE,d,2021-06-08 00:00:00,9380.0,9428.0,9152.0,9218.0,94603,34926,0.0
PK0,CZCE,d,2021-06-09 00:00:00,9228.0,9308.0,9208.0,9212.0,44335,34913,0.0
PK0,CZCE,d,2021-06-10 00:00:00,9200.0,9306.0,9186.0,9270.0,32827,32067,0.0
PK0,CZCE,d,2021-06-11 00:00:00,9260.0,9400.0,9058.0,9348.0,94013,28330,0.0
PK0,CZCE,d,2021-06-15 00:00:00,9200.0,9296.0,9200.0,9248.0,28338,28335,0.0
PK0,CZCE,d,2021-06-16 00:00:00,9248.0,9300.0,9172.0,9226.0,22703,26598,0.0
PK0,CZCE,d,2021-06-17 00:00:00,9216.0,9240.0,9124.0,9132.0,20076,27722,0.0
PK0,CZCE,d,2021-06-18 00:00:00,9052.0,9080.0,8866.0,8994.0,54147,26804,0.0
PK0,CZCE,d,2021-06-21 00:00:00,9018.0,9024.0,8850.0,8852.0,26076,30020,0.0
PK0,CZCE,d,2021-06-22 00:00:00,8896.0,8988.0,8880.0,8968.0,21151,28017,0.0
PK0,CZCE,d,2021-06-23 00:00:00,8970.0,9098.0,8966.0,9072.0,28191,27292,0.0
PK0,CZCE,d,2021-06-24 00:00:00,9088.0,9126.0,8996.0,9002.0,17521,28177,0.0
PK0,CZCE,d,2021-06-25 00:00:00,9020.0,9076.0,9008.0,9048.0,14081,28198,0.0
PK0,CZCE,d,2021-06-28 00:00:00,8970.0,9168.0,8950.0,9114.0,28447,27977,0.0
PK0,CZCE,d,2021-06-29 00:00:00,9130.0,9184.0,9090.0,9096.0,19308,28569,0.0
PK0,CZCE,d,2021-06-30 00:00:00,9108.0,9162.0,9082.0,9122.0,14083,28602,0.0
PK0,CZCE,d,2021-07-01 00:00:00,9162.0,9238.0,9134.0,9164.0,27105,29584,0.0
PK0,CZCE,d,2021-07-02 00:00:00,9148.0,9192.0,9068.0,9082.0,19092,31025,0.0
PK0,CZCE,d,2021-07-05 00:00:00,9082.0,9136.0,8960.0,9062.0,21061,32733,0.0
PK0,CZCE,d,2021-07-06 00:00:00,9092.0,9122.0,9062.0,9072.0,17753,32891,0.0
PK0,CZCE,d,2021-07-07 00:00:00,8986.0,9076.0,8976.0,9026.0,16001,34328,0.0
PK0,CZCE,d,2021-07-08 00:00:00,9012.0,9036.0,8960.0,9018.0,18058,34747,0.0
PK0,CZCE,d,2021-07-09 00:00:00,9020.0,9084.0,8990.0,9002.0,23787,36974,0.0
PK0,CZCE,d,2021-07-12 00:00:00,9036.0,9050.0,8942.0,8972.0,17177,38740,0.0
PK0,CZCE,d,2021-07-13 00:00:00,8998.0,9028.0,8922.0,8926.0,18100,40750,0.0
PK0,CZCE,d,2021-07-14 00:00:00,8904.0,9014.0,8866.0,8956.0,29282,41999,0.0
PK0,CZCE,d,2021-07-15 00:00:00,8950.0,9020.0,8930.0,8976.0,24276,43592,0.0
PK0,CZCE,d,2021-07-16 00:00:00,8978.0,9100.0,8976.0,9058.0,31428,41251,0.0
PK0,CZCE,d,2021-07-19 00:00:00,9150.0,9642.0,9150.0,9510.0,169735,43308,0.0
PK0,CZCE,d,2021-07-20 00:00:00,9420.0,9614.0,9334.0,9442.0,102157,42617,0.0
PK0,CZCE,d,2021-07-21 00:00:00,10000.0,10000.0,9478.0,9488.0,195014,52871,0.0
PK0,CZCE,d,2021-07-22 00:00:00,9488.0,9620.0,9250.0,9270.0,138806,56102,0.0
PK0,CZCE,d,2021-07-23 00:00:00,9316.0,9380.0,9230.0,9304.0,81128,58295,0.0
PK0,CZCE,d,2021-07-26 00:00:00,9304.0,9516.0,9258.0,9324.0,134994,67030,0.0
PK0,CZCE,d,2021-07-27 00:00:00,9352.0,9422.0,9168.0,9172.0,116511,73255,0.0
PK0,CZCE,d,2021-07-28 00:00:00,9200.0,9278.0,9124.0,9226.0,93161,79179,0.0
PK0,CZCE,d,2021-07-29 00:00:00,9270.0,9296.0,9212.0,9242.0,59343,81863,0.0
PK0,CZCE,d,2021-07-30 00:00:00,9252.0,9284.0,9068.0,9076.0,89547,82209,0.0
PK0,CZCE,d,2021-08-02 00:00:00,9056.0,9084.0,8980.0,9042.0,72101,85174,0.0
PK0,CZCE,d,2021-08-03 00:00:00,9048.0,9124.0,9030.0,9050.0,70771,84792,0.0
PK0,CZCE,d,2021-08-04 00:00:00,9082.0,9186.0,9068.0,9138.0,60869,83316,0.0
PK0,CZCE,d,2021-08-05 00:00:00,9130.0,9180.0,9076.0,9078.0,45718,79751,0.0
PK0,CZCE,d,2021-08-06 00:00:00,9092.0,9146.0,9052.0,9064.0,44557,78332,0.0
PK0,CZCE,d,2021-08-09 00:00:00,9064.0,9150.0,9052.0,9132.0,39997,75113,0.0
PK0,CZCE,d,2021-08-10 00:00:00,9144.0,9246.0,9082.0,9104.0,80206,75465,0.0
PK0,CZCE,d,2021-08-11 00:00:00,9138.0,9158.0,9102.0,9116.0,33283,71570,0.0
PK0,CZCE,d,2021-08-12 00:00:00,9120.0,9156.0,9072.0,9102.0,34128,68959,0.0
PK0,CZCE,d,2021-08-13 00:00:00,9140.0,9198.0,9106.0,9146.0,48851,65701,0.0
PK0,CZCE,d,2021-08-16 00:00:00,9180.0,9284.0,9162.0,9200.0,60875,68567,0.0
PK0,CZCE,d,2021-08-17 00:00:00,9224.0,9340.0,9210.0,9326.0,64239,66500,0.0
PK0,CZCE,d,2021-08-18 00:00:00,9310.0,9350.0,9234.0,9250.0,65859,62842,0.0
PK0,CZCE,d,2021-08-19 00:00:00,9220.0,9258.0,9026.0,9080.0,69659,51817,0.0
PK0,CZCE,d,2021-08-20 00:00:00,9062.0,9078.0,8916.0,8922.0,50538,53908,0.0
PK0,CZCE,d,2021-08-23 00:00:00,8960.0,9068.0,8958.0,9046.0,39422,49117,0.0
PK0,CZCE,d,2021-08-24 00:00:00,9072.0,9094.0,8862.0,8892.0,60454,54816,0.0
PK0,CZCE,d,2021-08-25 00:00:00,8840.0,8896.0,8728.0,8732.0,76754,60173,0.0
PK0,CZCE,d,2021-08-26 00:00:00,8728.0,8790.0,8658.0,8668.0,59004,63654,0.0
PK0,CZCE,d,2021-08-27 00:00:00,8668.0,8772.0,8610.0,8744.0,61025,55352,0.0
PK0,CZCE,d,2021-08-30 00:00:00,8760.0,8826.0,8618.0,8628.0,40215,57838,0.0
PK0,CZCE,d,2021-08-31 00:00:00,8656.0,8694.0,8628.0,8656.0,28534,56361,0.0
PK0,CZCE,d,2021-09-01 00:00:00,8644.0,8666.0,8438.0,8452.0,60424,57570,0.0
PK0,CZCE,d,2021-09-02 00:00:00,8434.0,8530.0,8414.0,8512.0,40900,51549,0.0
PK0,CZCE,d,2021-09-03 00:00:00,8526.0,8664.0,8500.0,8652.0,39285,46861,0.0
PK0,CZCE,d,2021-09-06 00:00:00,8650.0,8790.0,8604.0,8660.0,44554,44554,0.0
PK0,CZCE,d,2021-09-07 00:00:00,8680.0,8720.0,8524.0,8708.0,49755,42860,0.0
PK0,CZCE,d,2021-09-08 00:00:00,8700.0,8772.0,8602.0,8616.0,33837,42417,0.0
PK0,CZCE,d,2021-09-09 00:00:00,8712.0,8756.0,8648.0,8700.0,53869,57200,0.0
PK0,CZCE,d,2021-09-10 00:00:00,8682.0,8716.0,8532.0,8570.0,75935,62626,0.0
PK0,CZCE,d,2021-09-13 00:00:00,8528.0,8670.0,8512.0,8588.0,47620,64367,0.0
PK0,CZCE,d,2021-09-14 00:00:00,8572.0,8680.0,8570.0,8604.0,49880,66797,0.0
PK0,CZCE,d,2021-09-15 00:00:00,8604.0,8622.0,8532.0,8546.0,42104,68376,0.0
PK0,CZCE,d,2021-09-16 00:00:00,8536.0,8568.0,8372.0,8380.0,87829,72646,0.0
PK0,CZCE,d,2021-09-17 00:00:00,8396.0,8412.0,8328.0,8354.0,52939,71038,0.0
PK0,CZCE,d,2021-09-22 00:00:00,8340.0,8590.0,8334.0,8538.0,73894,64095,0.0
PK0,CZCE,d,2021-09-23 00:00:00,8544.0,8638.0,8512.0,8564.0,61159,60063,0.0
PK0,CZCE,d,2021-09-24 00:00:00,8568.0,8638.0,8472.0,8546.0,80178,66503,0.0
PK0,CZCE,d,2021-09-27 00:00:00,8602.0,8706.0,8568.0,8594.0,81635,70381,0.0
PK0,CZCE,d,2021-09-28 00:00:00,8570.0,8598.0,8458.0,8464.0,76645,75241,0.0
PK0,CZCE,d,2021-09-29 00:00:00,8456.0,8484.0,8376.0,8386.0,54122,75219,0.0
PK0,CZCE,d,2021-09-30 00:00:00,8406.0,8486.0,8354.0,8442.0,69942,74041,0.0
PK0,CZCE,d,2021-10-08 00:00:00,8512.0,8686.0,8448.0,8458.0,125412,87806,0.0
PK0,CZCE,d,2021-10-11 00:00:00,8482.0,8814.0,8480.0,8748.0,208933,113137,0.0
PK0,CZCE,d,2021-10-12 00:00:00,8758.0,8936.0,8626.0,8790.0,243303,128141,0.0
PK0,CZCE,d,2021-10-13 00:00:00,8780.0,8856.0,8440.0,8668.0,217905,121451,0.0
PK0,CZCE,d,2021-10-14 00:00:00,8676.0,8760.0,8602.0,8630.0,124506,127912,0.0
PK0,CZCE,d,2021-10-15 00:00:00,8688.0,8692.0,8556.0,8560.0,114135,132358,0.0
PK0,CZCE,d,2021-10-18 00:00:00,8570.0,8622.0,8508.0,8572.0,142708,133640,0.0
PK0,CZCE,d,2021-10-19 00:00:00,8572.0,8814.0,8522.0,8704.0,273526,153649,0.0
PK0,CZCE,d,2021-10-20 00:00:00,8660.0,8906.0,8634.0,8844.0,322089,163586,0.0
PK0,CZCE,d,2021-10-21 00:00:00,8964.0,9200.0,8728.0,8766.0,449427,161820,0.0
PK0,CZCE,d,2021-10-22 00:00:00,8730.0,8868.0,8642.0,8774.0,256611,158745,0.0
PK0,CZCE,d,2021-10-25 00:00:00,8830.0,9120.0,8830.0,9030.0,343145,163147,0.0
PK0,CZCE,d,2021-10-26 00:00:00,9088.0,9196.0,8906.0,8992.0,273944,159862,0.0
PK0,CZCE,d,2021-10-27 00:00:00,9002.0,9058.0,8818.0,8836.0,191617,155318,0.0
PK0,CZCE,d,2021-10-28 00:00:00,8828.0,8912.0,8658.0,8776.0,241525,150917,0.0
PK0,CZCE,d,2021-10-29 00:00:00,8808.0,8872.0,8728.0,8796.0,148842,152924,0.0
PK0,CZCE,d,2021-11-01 00:00:00,8820.0,8940.0,8760.0,8802.0,153265,152626,0.0
PK0,CZCE,d,2021-11-02 00:00:00,8834.0,8958.0,8710.0,8940.0,198380,142841,0.0
PK0,CZCE,d,2021-11-03 00:00:00,8960.0,8988.0,8858.0,8906.0,141665,143463,0.0
PK0,CZCE,d,2021-11-04 00:00:00,8856.0,8894.0,8690.0,8762.0,129168,134775,0.0
PK0,CZCE,d,2021-11-05 00:00:00,8744.0,8940.0,8726.0,8844.0,150910,130293,0.0
PK0,CZCE,d,2021-11-08 00:00:00,8870.0,8914.0,8766.0,8784.0,105570,137252,0.0
PK0,CZCE,d,2021-11-09 00:00:00,8784.0,8818.0,8700.0,8714.0,89305,136987,0.0
PK0,CZCE,d,2021-11-10 00:00:00,8700.0,8810.0,8676.0,8798.0,79111,130464,0.0
PK0,CZCE,d,2021-11-11 00:00:00,8828.0,8888.0,8726.0,8730.0,112142,127563,0.0
PK0,CZCE,d,2021-11-12 00:00:00,8746.0,8778.0,8600.0,8602.0,114927,135487,0.0
PK0,CZCE,d,2021-11-15 00:00:00,8578.0,8650.0,8522.0,8608.0,91762,135353,0.0
PK0,CZCE,d,2021-11-16 00:00:00,8622.0,8656.0,8524.0,8528.0,73762,139670,0.0
PK0,CZCE,d,2021-11-17 00:00:00,8546.0,8600.0,8532.0,8560.0,43827,136874,0.0
PK0,CZCE,d,2021-11-18 00:00:00,8580.0,8592.0,8494.0,8516.0,54061,137474,0.0
PK0,CZCE,d,2021-11-19 00:00:00,8528.0,8648.0,8516.0,8632.0,74042,129708,0.0
PK0,CZCE,d,2021-11-22 00:00:00,8628.0,8652.0,8524.0,8542.0,64673,130540,0.0
PK0,CZCE,d,2021-11-23 00:00:00,8556.0,8566.0,8470.0,8470.0,73629,134775,0.0
PK0,CZCE,d,2021-11-24 00:00:00,8472.0,8520.0,8464.0,8488.0,52476,133801,0.0
PK0,CZCE,d,2021-11-25 00:00:00,8502.0,8566.0,8492.0,8534.0,65576,136449,0.0
PK0,CZCE,d,2021-11-26 00:00:00,8508.0,8510.0,8372.0,8372.0,81533,138804,0.0
PK0,CZCE,d,2021-11-29 00:00:00,8366.0,8428.0,8332.0,8336.0,67537,139349,0.0
PK0,CZCE,d,2021-11-30 00:00:00,8320.0,8320.0,8114.0,8176.0,116747,128367,0.0
PK0,CZCE,d,2021-12-01 00:00:00,8176.0,8224.0,8140.0,8180.0,51309,125672,0.0
PK0,CZCE,d,2021-12-02 00:00:00,8158.0,8194.0,8114.0,8132.0,51031,123209,0.0
PK0,CZCE,d,2021-12-03 00:00:00,8188.0,8206.0,8118.0,8128.0,52848,121738,0.0
PK0,CZCE,d,2021-12-06 00:00:00,8166.0,8276.0,8158.0,8182.0,51465,115416,0.0
PK0,CZCE,d,2021-12-07 00:00:00,8210.0,8236.0,8142.0,8164.0,43720,111325,0.0
PK0,CZCE,d,2021-12-08 00:00:00,8166.0,8180.0,7994.0,7998.0,77257,109642,0.0
PK0,CZCE,d,2021-12-09 00:00:00,8000.0,8080.0,7926.0,7928.0,64102,105905,0.0
PK0,CZCE,d,2021-12-10 00:00:00,7944.0,7974.0,7906.0,7932.0,60280,96220,0.0
PK0,CZCE,d,2021-12-13 00:00:00,7930.0,8040.0,7914.0,8032.0,55385,86784,0.0
PK0,CZCE,d,2021-12-14 00:00:00,8052.0,8216.0,8040.0,8128.0,71020,72778,0.0
PK0,CZCE,d,2021-12-15 00:00:00,8138.0,8166.0,8074.0,8156.0,42048,62060,0.0
PK0,CZCE,d,2021-12-16 00:00:00,8276.0,8298.0,8222.0,8250.0,62879,123218,0.0
PK0,CZCE,d,2021-12-17 00:00:00,8276.0,8316.0,8192.0,8206.0,88511,135675,0.0
PK0,CZCE,d,2021-12-20 00:00:00,8206.0,8232.0,8064.0,8066.0,116605,151097,0.0
PK0,CZCE,d,2021-12-21 00:00:00,8064.0,8104.0,8012.0,8092.0,59061,155302,0.0
PK0,CZCE,d,2021-12-22 00:00:00,8092.0,8156.0,8074.0,8102.0,61098,155504,0.0
PK0,CZCE,d,2021-12-23 00:00:00,8102.0,8184.0,8100.0,8140.0,66015,155004,0.0
PK0,CZCE,d,2021-12-24 00:00:00,8172.0,8200.0,8142.0,8174.0,54140,153960,0.0
PK0,CZCE,d,2021-12-27 00:00:00,8182.0,8288.0,8182.0,8282.0,91082,152587,0.0
PK0,CZCE,d,2021-12-28 00:00:00,8300.0,8350.0,8252.0,8316.0,106982,152639,0.0
PK0,CZCE,d,2021-12-29 00:00:00,8314.0,8314.0,8216.0,8230.0,69156,158374,0.0
PK0,CZCE,d,2021-12-30 00:00:00,8230.0,8252.0,8176.0,8202.0,74894,166531,0.0
PK0,CZCE,d,2021-12-31 00:00:00,8210.0,8258.0,8158.0,8252.0,96801,166322,0.0
PK0,CZCE,d,2022-01-04 00:00:00,8252.0,8274.0,8172.0,8184.0,101278,174145,0.0
PK0,CZCE,d,2022-01-05 00:00:00,8202.0,8240.0,8182.0,8186.0,83640,178836,0.0
PK0,CZCE,d,2022-01-06 00:00:00,8188.0,8238.0,8052.0,8056.0,185539,202073,0.0
PK0,CZCE,d,2022-01-07 00:00:00,8048.0,8094.0,8032.0,8046.0,118776,217423,0.0
PK0,CZCE,d,2022-01-10 00:00:00,8000.0,8000.0,7794.0,7798.0,211135,249489,0.0
PK0,CZCE,d,2022-01-11 00:00:00,7850.0,7922.0,7810.0,7836.0,170187,241627,0.0
PK0,CZCE,d,2022-01-12 00:00:00,7852.0,7916.0,7834.0,7890.0,127925,237034,0.0
PK0,CZCE,d,2022-01-13 00:00:00,7880.0,7930.0,7854.0,7862.0,113806,241115,0.0
PK0,CZCE,d,2022-01-14 00:00:00,7850.0,7976.0,7834.0,7948.0,141924,226966,0.0
PK0,CZCE,d,2022-01-17 00:00:00,7950.0,8086.0,7950.0,8084.0,176456,206365,0.0
PK0,CZCE,d,2022-01-18 00:00:00,8086.0,8096.0,7974.0,7994.0,129403,218868,0.0
PK0,CZCE,d,2022-01-19 00:00:00,8010.0,8074.0,7980.0,8010.0,115317,214469,0.0
PK0,CZCE,d,2022-01-20 00:00:00,8042.0,8072.0,7994.0,8014.0,98482,217655,0.0
PK0,CZCE,d,2022-01-21 00:00:00,8024.0,8052.0,7920.0,7992.0,160303,216665,0.0
PK0,CZCE,d,2022-01-24 00:00:00,7992.0,8038.0,7966.0,7984.0,104102,215074,0.0
PK0,CZCE,d,2022-01-25 00:00:00,7950.0,7998.0,7876.0,7880.0,110969,212570,0.0
PK0,CZCE,d,2022-01-26 00:00:00,7880.0,7924.0,7860.0,7902.0,59075,211834,0.0
PK0,CZCE,d,2022-01-27 00:00:00,7938.0,8006.0,7918.0,7956.0,94993,197207,0.0
PK0,CZCE,d,2022-01-28 00:00:00,8002.0,8032.0,7960.0,8016.0,88610,182599,0.0
PK0,CZCE,d,2022-02-07 00:00:00,8088.0,8220.0,8050.0,8166.0,137347,194649,0.0
PK0,CZCE,d,2022-02-08 00:00:00,8168.0,8280.0,8120.0,8148.0,133319,206569,0.0
PK0,CZCE,d,2022-02-09 00:00:00,8102.0,8154.0,8088.0,8124.0,87140,209603,0.0
PK0,CZCE,d,2022-02-10 00:00:00,8158.0,8178.0,8052.0,8098.0,99118,212848,0.0
PK0,CZCE,d,2022-02-11 00:00:00,8082.0,8124.0,7980.0,7982.0,121796,211104,0.0
PK0,CZCE,d,2022-02-14 00:00:00,8012.0,8040.0,7952.0,7990.0,92968,214421,0.0
PK0,CZCE,d,2022-02-15 00:00:00,7990.0,8038.0,7954.0,8022.0,96360,218847,0.0
PK0,CZCE,d,2022-02-16 00:00:00,8016.0,8050.0,7966.0,7972.0,107855,222043,0.0
PK0,CZCE,d,2022-02-17 00:00:00,7964.0,8014.0,7906.0,7976.0,127448,213800,0.0
PK0,CZCE,d,2022-02-18 00:00:00,7982.0,8020.0,7966.0,7976.0,74028,213507,0.0
PK0,CZCE,d,2022-02-21 00:00:00,7990.0,8130.0,7990.0,8108.0,151804,214163,0.0
PK0,CZCE,d,2022-02-22 00:00:00,8130.0,8146.0,7958.0,7962.0,164104,206117,0.0
PK0,CZCE,d,2022-02-23 00:00:00,7990.0,7998.0,7922.0,7976.0,112176,203212,0.0
PK0,CZCE,d,2022-02-24 00:00:00,7990.0,8440.0,7964.0,8286.0,309821,174393,0.0
PK0,CZCE,d,2022-02-25 00:00:00,8138.0,8212.0,8038.0,8130.0,207983,169955,0.0
PK0,CZCE,d,2022-02-28 00:00:00,8220.0,8404.0,8176.0,8362.0,246382,156320,0.0
PK0,CZCE,d,2022-03-01 00:00:00,8400.0,8472.0,8272.0,8358.0,212362,152178,0.0
PK0,CZCE,d,2022-03-02 00:00:00,8498.0,8500.0,8312.0,8366.0,166159,139571,0.0
PK0,CZCE,d,2022-03-03 00:00:00,8410.0,8568.0,8348.0,8554.0,158034,127433,0.0
PK0,CZCE,d,2022-03-04 00:00:00,8500.0,8900.0,8500.0,8696.0,369598,118931,0.0
PK0,CZCE,d,2022-03-07 00:00:00,8730.0,8848.0,8566.0,8630.0,156300,116396,0.0
PK0,CZCE,d,2022-03-08 00:00:00,8600.0,8612.0,8382.0,8422.0,151866,108492,0.0
PK0,CZCE,d,2022-03-09 00:00:00,8438.0,8574.0,8404.0,8502.0,132044,102109,0.0
PK0,CZCE,d,2022-03-10 00:00:00,8396.0,8410.0,8230.0,8330.0,88857,90558,0.0
PK0,CZCE,d,2022-03-11 00:00:00,8378.0,8454.0,8250.0,8312.0,93741,84842,0.0
PK0,CZCE,d,2022-03-14 00:00:00,8400.0,8498.0,8356.0,8456.0,118320,77677,0.0
PK0,CZCE,d,2022-03-15 00:00:00,8472.0,8660.0,8362.0,8414.0,147267,63257,0.0
PK0,CZCE,d,2022-03-16 00:00:00,8458.0,8598.0,8454.0,8560.0,79371,57722,0.0
PK0,CZCE,d,2022-03-17 00:00:00,8538.0,8586.0,8434.0,8544.0,66004,49848,0.0
PK0,CZCE,d,2022-03-18 00:00:00,8582.0,8600.0,8466.0,8532.0,46539,50086,0.0
PK0,CZCE,d,2022-03-21 00:00:00,8528.0,8636.0,8486.0,8594.0,55943,45697,0.0
PK0,CZCE,d,2022-03-22 00:00:00,8608.0,8624.0,8452.0,8528.0,52165,39202,0.0
PK0,CZCE,d,2022-03-23 00:00:00,8520.0,8558.0,8470.0,8534.0,35962,31442,0.0
PK0,CZCE,d,2022-03-24 00:00:00,9920.0,9974.0,9614.0,9666.0,89891,59560,0.0
PK0,CZCE,d,2022-03-25 00:00:00,9640.0,9722.0,9524.0,9618.0,67014,60638,0.0
PK0,CZCE,d,2022-03-28 00:00:00,9620.0,9794.0,9620.0,9700.0,60866,62690,0.0
PK0,CZCE,d,2022-03-29 00:00:00,9700.0,9714.0,9576.0,9704.0,56077,64539,0.0
PK0,CZCE,d,2022-03-30 00:00:00,9680.0,9730.0,9616.0,9672.0,47874,64977,0.0
PK0,CZCE,d,2022-03-31 00:00:00,9696.0,9696.0,9586.0,9672.0,47712,64293,0.0
PK0,CZCE,d,2022-04-01 00:00:00,9634.0,9644.0,9360.0,9376.0,85404,60053,0.0
PK0,CZCE,d,2022-04-06 00:00:00,9340.0,9400.0,9244.0,9352.0,66309,61294,0.0
PK0,CZCE,d,2022-04-07 00:00:00,9318.0,9438.0,9308.0,9374.0,61005,62838,0.0
PK0,CZCE,d,2022-04-08 00:00:00,9400.0,9418.0,9324.0,9390.0,39222,61945,0.0
PK0,CZCE,d,2022-04-11 00:00:00,9400.0,9484.0,9396.0,9456.0,49037,63915,0.0
PK0,CZCE,d,2022-04-12 00:00:00,9456.0,9530.0,9426.0,9480.0,50308,62955,0.0
PK0,CZCE,d,2022-04-13 00:00:00,9486.0,9510.0,9352.0,9454.0,68379,64210,0.0
PK0,CZCE,d,2022-04-14 00:00:00,9512.0,9512.0,9412.0,9414.0,34864,65511,0.0
PK0,CZCE,d,2022-04-15 00:00:00,9426.0,9458.0,9362.0,9402.0,43679,66409,0.0
PK0,CZCE,d,2022-04-18 00:00:00,9422.0,9590.0,9326.0,9572.0,83387,71345,0.0
PK0,CZCE,d,2022-04-19 00:00:00,9590.0,9634.0,9460.0,9486.0,99742,74960,0.0
PK0,CZCE,d,2022-04-20 00:00:00,9496.0,9520.0,9276.0,9278.0,96344,77329,0.0
PK0,CZCE,d,2022-04-21 00:00:00,9300.0,9334.0,9222.0,9250.0,79160,79996,0.0
PK0,CZCE,d,2022-04-22 00:00:00,9250.0,9260.0,9022.0,9024.0,94669,86886,0.0
PK0,CZCE,d,2022-04-25 00:00:00,9010.0,9110.0,8970.0,9030.0,85109,85779,0.0
PK0,CZCE,d,2022-04-26 00:00:00,9030.0,9150.0,9028.0,9120.0,73781,84430,0.0
PK0,CZCE,d,2022-04-27 00:00:00,9120.0,9178.0,9036.0,9138.0,68238,85465,0.0
PK0,CZCE,d,2022-04-28 00:00:00,9182.0,9190.0,9106.0,9172.0,61373,85534,0.0
PK0,CZCE,d,2022-04-29 00:00:00,9200.0,9450.0,9186.0,9404.0,88452,75043,0.0
PK0,CZCE,d,2022-05-05 00:00:00,9500.0,9722.0,9492.0,9696.0,114053,77517,0.0
PK0,CZCE,d,2022-05-06 00:00:00,9658.0,9682.0,9558.0,9614.0,95079,73485,0.0
PK0,CZCE,d,2022-05-09 00:00:00,9588.0,9712.0,9524.0,9654.0,90479,75665,0.0
PK0,CZCE,d,2022-05-10 00:00:00,9610.0,9750.0,9510.0,9668.0,111620,81714,0.0
PK0,CZCE,d,2022-05-11 00:00:00,9650.0,9828.0,9628.0,9778.0,118580,89972,0.0
PK0,CZCE,d,2022-05-12 00:00:00,9806.0,9916.0,9708.0,9760.0,130340,91475,0.0
PK0,CZCE,d,2022-05-13 00:00:00,9810.0,9890.0,9810.0,9872.0,62606,92752,0.0
PK0,CZCE,d,2022-05-16 00:00:00,9996.0,10486.0,9996.0,10410.0,261822,120758,0.0
PK0,CZCE,d,2022-05-17 00:00:00,10400.0,10516.0,10312.0,10454.0,220314,118050,0.0
PK0,CZCE,d,2022-05-18 00:00:00,10408.0,10448.0,10320.0,10350.0,112087,113931,0.0
PK0,CZCE,d,2022-05-19 00:00:00,10290.0,10494.0,10206.0,10470.0,180998,122650,0.0
PK0,CZCE,d,2022-05-20 00:00:00,10460.0,10702.0,10338.0,10412.0,164985,112254,0.0
PK0,CZCE,d,2022-05-23 00:00:00,10410.0,10616.0,10358.0,10556.0,140326,121859,0.0
PK0,CZCE,d,2022-05-24 00:00:00,10540.0,10828.0,10510.0,10766.0,274112,129611,0.0
PK0,CZCE,d,2022-05-25 00:00:00,10760.0,10818.0,10630.0,10716.0,172993,122638,0.0
PK0,CZCE,d,2022-05-26 00:00:00,10710.0,10730.0,10554.0,10574.0,140226,112051,0.0
PK0,CZCE,d,2022-05-27 00:00:00,10650.0,10864.0,10426.0,10476.0,268065,103238,0.0
PK0,CZCE,d,2022-05-30 00:00:00,10470.0,10518.0,10322.0,10374.0,132966,104444,0.0
PK0,CZCE,d,2022-05-31 00:00:00,10324.0,10496.0,10250.0,10336.0,199606,104394,0.0
PK0,CZCE,d,2022-06-01 00:00:00,10272.0,10330.0,10220.0,10274.0,98145,103017,0.0
PK0,CZCE,d,2022-06-02 00:00:00,10238.0,10438.0,10220.0,10286.0,158882,103173,0.0
PK0,CZCE,d,2022-06-06 00:00:00,10340.0,10390.0,10270.0,10336.0,127145,108061,0.0
PK0,CZCE,d,2022-06-07 00:00:00,10326.0,10410.0,10108.0,10202.0,134631,106170,0.0
PK0,CZCE,d,2022-06-08 00:00:00,10234.0,10324.0,10100.0,10270.0,180348,104624,0.0
PK0,CZCE,d,2022-06-09 00:00:00,10270.0,10340.0,10212.0,10224.0,103636,100783,0.0
PK0,CZCE,d,2022-06-10 00:00:00,10294.0,10754.0,10254.0,10736.0,303829,125515,0.0
PK0,CZCE,d,2022-06-13 00:00:00,10680.0,10810.0,10558.0,10602.0,225020,121987,0.0
PK0,CZCE,d,2022-06-14 00:00:00,10580.0,10602.0,10170.0,10208.0,319650,115631,0.0
PK0,CZCE,d,2022-06-15 00:00:00,10168.0,10272.0,10120.0,10126.0,152644,115760,0.0
PK0,CZCE,d,2022-06-16 00:00:00,10134.0,10228.0,10024.0,10082.0,173744,117229,0.0
PK0,CZCE,d,2022-06-17 00:00:00,10102.0,10196.0,9982.0,10034.0,175017,121896,0.0
PK0,CZCE,d,2022-06-20 00:00:00,10032.0,10130.0,9896.0,10006.0,169913,121262,0.0
PK0,CZCE,d,2022-06-21 00:00:00,10054.0,10182.0,9970.0,10064.0,166168,122399,0.0
PK0,CZCE,d,2022-06-22 00:00:00,10058.0,10116.0,9636.0,9700.0,238259,123296,0.0
PK0,CZCE,d,2022-06-23 00:00:00,9722.0,9812.0,9584.0,9790.0,165142,119660,0.0
PK0,CZCE,d,2022-06-24 00:00:00,9700.0,9756.0,9526.0,9632.0,155680,112866,0.0
PK0,CZCE,d,2022-06-27 00:00:00,9664.0,9766.0,9484.0,9558.0,193997,120507,0.0
PK0,CZCE,d,2022-06-28 00:00:00,9630.0,9838.0,9496.0,9836.0,200710,118003,0.0
PK0,CZCE,d,2022-06-29 00:00:00,9782.0,9820.0,9660.0,9704.0,154450,118707,0.0
PK0,CZCE,d,2022-06-30 00:00:00,9716.0,9770.0,9616.0,9712.0,92954,118913,0.0
PK0,CZCE,d,2022-07-01 00:00:00,9614.0,9676.0,9510.0,9600.0,133081,117236,0.0
PK0,CZCE,d,2022-07-04 00:00:00,9540.0,9720.0,9456.0,9664.0,137475,121278,0.0
PK0,CZCE,d,2022-07-05 00:00:00,9640.0,9808.0,9552.0,9606.0,148241,118909,0.0
PK0,CZCE,d,2022-07-06 00:00:00,9520.0,9588.0,9254.0,9482.0,227713,118940,0.0
PK0,CZCE,d,2022-07-07 00:00:00,9490.0,9560.0,9326.0,9472.0,161722,116349,0.0
PK0,CZCE,d,2022-07-08 00:00:00,9600.0,9688.0,9494.0,9582.0,111302,109374,0.0
PK0,CZCE,d,2022-07-11 00:00:00,9652.0,9700.0,9480.0,9534.0,109964,112527,0.0
PK0,CZCE,d,2022-07-12 00:00:00,9520.0,9560.0,9422.0,9520.0,94083,112159,0.0
PK0,CZCE,d,2022-07-13 00:00:00,9318.0,9416.0,9266.0,9324.0,119436,115764,0.0
PK0,CZCE,d,2022-07-14 00:00:00,9374.0,9422.0,9318.0,9342.0,78652,113864,0.0
PK0,CZCE,d,2022-07-15 00:00:00,9368.0,9394.0,9192.0,9206.0,121136,112963,0.0
PK0,CZCE,d,2022-07-18 00:00:00,9288.0,9458.0,9272.0,9408.0,106273,109033,0.0
PK0,CZCE,d,2022-07-19 00:00:00,9448.0,9486.0,9304.0,9334.0,77098,107871,0.0
PK0,CZCE,d,2022-07-20 00:00:00,9380.0,9516.0,9286.0,9344.0,87050,108846,0.0
PK0,CZCE,d,2022-07-21 00:00:00,9350.0,9434.0,9300.0,9384.0,75497,107006,0.0
PK0,CZCE,d,2022-07-22 00:00:00,9330.0,9374.0,9264.0,9322.0,80598,104739,0.0
PK0,CZCE,d,2022-07-25 00:00:00,9374.0,9386.0,9258.0,9312.0,66422,106472,0.0
PK0,CZCE,d,2022-07-26 00:00:00,9350.0,9400.0,9292.0,9388.0,67955,102963,0.0
PK0,CZCE,d,2022-07-27 00:00:00,9420.0,9676.0,9392.0,9586.0,167566,102896,0.0
PK0,CZCE,d,2022-07-28 00:00:00,9626.0,9728.0,9592.0,9638.0,87847,98225,0.0
PK0,CZCE,d,2022-07-29 00:00:00,9676.0,9762.0,9650.0,9726.0,76126,95304,0.0
PK0,CZCE,d,2022-08-01 00:00:00,9770.0,9842.0,9550.0,9640.0,89493,91109,0.0
PK0,CZCE,d,2022-08-02 00:00:00,9598.0,9714.0,9526.0,9634.0,78785,90728,0.0
PK0,CZCE,d,2022-08-03 00:00:00,9620.0,9690.0,9582.0,9628.0,46305,90341,0.0
PK0,CZCE,d,2022-08-04 00:00:00,9570.0,9598.0,9460.0,9530.0,68610,90880,0.0
PK0,CZCE,d,2022-08-05 00:00:00,9580.0,9724.0,9510.0,9692.0,65436,87332,0.0
PK0,CZCE,d,2022-08-08 00:00:00,9732.0,9838.0,9694.0,9822.0,68165,89621,0.0
PK0,CZCE,d,2022-08-09 00:00:00,9812.0,9826.0,9736.0,9778.0,38057,88701,0.0
PK0,CZCE,d,2022-08-10 00:00:00,9772.0,9888.0,9708.0,9740.0,44711,86438,0.0
PK0,CZCE,d,2022-08-11 00:00:00,9766.0,9792.0,9688.0,9786.0,39675,86547,0.0
PK0,CZCE,d,2022-08-12 00:00:00,9812.0,9860.0,9702.0,9776.0,49507,85825,0.0
PK0,CZCE,d,2022-08-15 00:00:00,9800.0,9800.0,9632.0,9646.0,50505,86592,0.0
PK0,CZCE,d,2022-08-16 00:00:00,9652.0,9688.0,9592.0,9662.0,35572,84901,0.0
PK0,CZCE,d,2022-08-17 00:00:00,9662.0,9770.0,9606.0,9658.0,57176,80351,0.0
PK0,CZCE,d,2022-08-18 00:00:00,9648.0,9686.0,9430.0,9488.0,74119,76157,0.0
PK0,CZCE,d,2022-08-19 00:00:00,9502.0,9560.0,9276.0,9304.0,79436,78613,0.0
PK0,CZCE,d,2022-08-22 00:00:00,9316.0,9408.0,9306.0,9344.0,46826,79933,0.0
PK0,CZCE,d,2022-08-23 00:00:00,9390.0,9446.0,9332.0,9354.0,50674,83716,0.0
PK0,CZCE,d,2022-08-24 00:00:00,9394.0,9426.0,9260.0,9412.0,62123,84531,0.0
PK0,CZCE,d,2022-08-25 00:00:00,9402.0,9444.0,9328.0,9350.0,46702,83667,0.0
PK0,CZCE,d,2022-08-26 00:00:00,9380.0,9500.0,9312.0,9420.0,62299,80291,0.0
PK0,CZCE,d,2022-08-29 00:00:00,9404.0,9456.0,9342.0,9420.0,40759,79607,0.0
PK0,CZCE,d,2022-08-30 00:00:00,9416.0,9612.0,9406.0,9570.0,82499,77142,0.0
PK0,CZCE,d,2022-08-31 00:00:00,9550.0,9640.0,9532.0,9570.0,55000,74424,0.0
PK0,CZCE,d,2022-09-01 00:00:00,9566.0,9618.0,9418.0,9478.0,66808,63989,0.0
PK0,CZCE,d,2022-09-02 00:00:00,9450.0,9602.0,9450.0,9554.0,62243,54090,0.0
PK0,CZCE,d,2022-09-05 00:00:00,9588.0,9712.0,9522.0,9676.0,52135,52124,0.0
PK0,CZCE,d,2022-09-06 00:00:00,10240.0,10276.0,10146.0,10242.0,74128,96320,0.0
PK0,CZCE,d,2022-09-07 00:00:00,10216.0,10476.0,10152.0,10326.0,174216,109873,0.0
PK0,CZCE,d,2022-09-08 00:00:00,10290.0,10396.0,10236.0,10380.0,82988,111590,0.0
PK0,CZCE,d,2022-09-09 00:00:00,10382.0,10438.0,10334.0,10384.0,74248,113238,0.0
PK0,CZCE,d,2022-09-13 00:00:00,10350.0,10488.0,10306.0,10320.0,111245,120837,0.0
PK0,CZCE,d,2022-09-14 00:00:00,10250.0,10350.0,10250.0,10316.0,70870,125233,0.0
PK0,CZCE,d,2022-09-15 00:00:00,10294.0,10388.0,10294.0,10374.0,67176,127026,0.0
PK0,CZCE,d,2022-09-16 00:00:00,10406.0,10446.0,10302.0,10372.0,94769,130257,0.0
PK0,CZCE,d,2022-09-19 00:00:00,10538.0,10730.0,10538.0,10626.0,152796,138679,0.0
PK0,CZCE,d,2022-09-20 00:00:00,10604.0,10716.0,10604.0,10684.0,95322,145189,0.0
PK0,CZCE,d,2022-09-21 00:00:00,10716.0,10818.0,10630.0,10806.0,129503,153547,0.0
PK0,CZCE,d,2022-09-22 00:00:00,10762.0,10888.0,10750.0,10864.0,129998,163244,0.0
PK0,CZCE,d,2022-09-23 00:00:00,10870.0,10958.0,10750.0,10952.0,158991,169182,0.0
PK0,CZCE,d,2022-09-26 00:00:00,10974.0,11156.0,10780.0,10802.0,335486,155134,0.0
PK0,CZCE,d,2022-09-27 00:00:00,10786.0,10848.0,10654.0,10730.0,202596,148121,0.0
PK0,CZCE,d,2022-09-28 00:00:00,10730.0,10790.0,10590.0,10650.0,169100,139695,0.0
PK0,CZCE,d,2022-09-29 00:00:00,10700.0,10742.0,10622.0,10698.0,108129,132786,0.0
PK0,CZCE,d,2022-09-30 00:00:00,10720.0,10900.0,10676.0,10892.0,122613,135435,0.0
PK0,CZCE,d,2022-10-10 00:00:00,11026.0,11188.0,10984.0,11176.0,176550,148855,0.0
PK0,CZCE,d,2022-10-11 00:00:00,11200.0,11200.0,11068.0,11134.0,123888,156399,0.0
PK0,CZCE,d,2022-10-12 00:00:00,11150.0,11256.0,11032.0,11202.0,158779,168288,0.0
PK0,CZCE,d,2022-10-13 00:00:00,11172.0,11228.0,11108.0,11138.0,142123,165975,0.0
PK0,CZCE,d,2022-10-14 00:00:00,11202.0,11204.0,11046.0,11084.0,161135,157963,0.0
PK0,CZCE,d,2022-10-17 00:00:00,11000.0,11026.0,10812.0,10864.0,159530,146385,0.0
PK0,CZCE,d,2022-10-18 00:00:00,10850.0,10884.0,10696.0,10864.0,143719,143581,0.0
PK0,CZCE,d,2022-10-19 00:00:00,10850.0,10928.0,10814.0,10922.0,115885,153941,0.0
PK0,CZCE,d,2022-10-20 00:00:00,10922.0,10960.0,10708.0,10714.0,166611,148880,0.0
PK0,CZCE,d,2022-10-21 00:00:00,10680.0,10810.0,10640.0,10742.0,133864,149222,0.0
PK0,CZCE,d,2022-10-24 00:00:00,10758.0,10792.0,10688.0,10754.0,94723,145618,0.0
PK0,CZCE,d,2022-10-25 00:00:00,10716.0,10766.0,10632.0,10644.0,112686,142547,0.0
PK0,CZCE,d,2022-10-26 00:00:00,10620.0,10634.0,10400.0,10416.0,157860,138630,0.0
PK0,CZCE,d,2022-10-27 00:00:00,10416.0,10586.0,10322.0,10560.0,239539,128632,0.0
PK0,CZCE,d,2022-10-28 00:00:00,10550.0,10620.0,10454.0,10528.0,153519,131461,0.0
PK0,CZCE,d,2022-10-31 00:00:00,10620.0,10746.0,10544.0,10620.0,162516,128596,0.0
PK0,CZCE,d,2022-11-01 00:00:00,10628.0,10710.0,10572.0,10664.0,122929,123041,0.0
PK0,CZCE,d,2022-11-02 00:00:00,10680.0,10930.0,10672.0,10898.0,155635,118247,0.0
PK0,CZCE,d,2022-11-03 00:00:00,10888.0,10918.0,10702.0,10718.0,157654,118141,0.0
PK0,CZCE,d,2022-11-04 00:00:00,10760.0,10842.0,10720.0,10768.0,135407,117097,0.0
PK0,CZCE,d,2022-11-07 00:00:00,10762.0,10814.0,10588.0,10760.0,150644,113869,0.0
PK0,CZCE,d,2022-11-08 00:00:00,10798.0,10860.0,10734.0,10800.0,98079,114358,0.0
PK0,CZCE,d,2022-11-09 00:00:00,10800.0,10828.0,10690.0,10780.0,112171,114366,0.0
PK0,CZCE,d,2022-11-10 00:00:00,10790.0,10876.0,10784.0,10826.0,102698,113162,0.0
PK0,CZCE,d,2022-11-11 00:00:00,10828.0,10940.0,10814.0,10926.0,104970,114138,0.0
PK0,CZCE,d,2022-11-14 00:00:00,10996.0,11044.0,10888.0,10936.0,119308,121626,0.0
PK0,CZCE,d,2022-11-15 00:00:00,10936.0,10970.0,10840.0,10916.0,81303,116022,0.0
PK0,CZCE,d,2022-11-16 00:00:00,10930.0,10966.0,10688.0,10734.0,175337,113337,0.0
PK0,CZCE,d,2022-11-17 00:00:00,10734.0,10768.0,10614.0,10636.0,120377,110761,0.0
PK0,CZCE,d,2022-11-18 00:00:00,10636.0,10640.0,10528.0,10544.0,110692,106552,0.0
PK0,CZCE,d,2022-11-21 00:00:00,10550.0,10586.0,10456.0,10552.0,75020,104808,0.0
PK0,CZCE,d,2022-11-22 00:00:00,10552.0,10616.0,10514.0,10536.0,62759,104070,0.0
PK0,CZCE,d,2022-11-23 00:00:00,10562.0,10576.0,10486.0,10532.0,59264,102668,0.0
PK0,CZCE,d,2022-11-24 00:00:00,10546.0,10644.0,10526.0,10544.0,62514,101514,0.0
PK0,CZCE,d,2022-11-25 00:00:00,10560.0,10658.0,10394.0,10416.0,136751,105205,0.0
PK0,CZCE,d,2022-11-28 00:00:00,10428.0,10558.0,10380.0,10538.0,99306,97025,0.0
PK0,CZCE,d,2022-11-29 00:00:00,10570.0,10610.0,10456.0,10468.0,90590,89568,0.0
PK0,CZCE,d,2022-11-30 00:00:00,10488.0,10584.0,10418.0,10582.0,78867,90783,0.0
PK0,CZCE,d,2022-12-01 00:00:00,10612.0,10638.0,10516.0,10552.0,49155,89497,0.0
PK0,CZCE,d,2022-12-02 00:00:00,10508.0,10588.0,10482.0,10526.0,62331,78632,0.0
PK0,CZCE,d,2022-12-05 00:00:00,10540.0,10660.0,10428.0,10600.0,72740,63809,0.0
PK0,CZCE,d,2022-12-06 00:00:00,10598.0,10622.0,10510.0,10540.0,52634,52518,0.0
PK0,CZCE,d,2022-12-07 00:00:00,10350.0,10396.0,10276.0,10370.0,52625,111857,0.0
PK0,CZCE,d,2022-12-08 00:00:00,10372.0,10500.0,10362.0,10422.0,70320,113962,0.0
PK0,CZCE,d,2022-12-09 00:00:00,10432.0,10436.0,10332.0,10374.0,53388,116737,0.0
PK0,CZCE,d,2022-12-12 00:00:00,10444.0,10460.0,10304.0,10328.0,76612,120161,0.0
PK0,CZCE,d,2022-12-13 00:00:00,10336.0,10398.0,10306.0,10366.0,49255,119063,0.0
PK0,CZCE,d,2022-12-14 00:00:00,10292.0,10318.0,10056.0,10094.0,169486,136378,0.0
PK0,CZCE,d,2022-12-15 00:00:00,10142.0,10146.0,10002.0,10062.0,91621,131022,0.0
PK0,CZCE,d,2022-12-16 00:00:00,10100.0,10144.0,10060.0,10094.0,65501,123008,0.0
PK0,CZCE,d,2022-12-19 00:00:00,10050.0,10156.0,10022.0,10100.0,61638,116033,0.0
PK0,CZCE,d,2022-12-20 00:00:00,10126.0,10126.0,9824.0,9870.0,119778,125230,0.0
PK0,CZCE,d,2022-12-21 00:00:00,9870.0,9928.0,9826.0,9878.0,80845,121010,0.0
PK0,CZCE,d,2022-12-22 00:00:00,9876.0,9948.0,9842.0,9854.0,61344,120872,0.0
PK0,CZCE,d,2022-12-23 00:00:00,9832.0,9888.0,9750.0,9764.0,80378,122320,0.0
PK0,CZCE,d,2022-12-26 00:00:00,9758.0,10078.0,9740.0,10050.0,126699,108235,0.0
PK0,CZCE,d,2022-12-27 00:00:00,10062.0,10302.0,10062.0,10238.0,110790,98217,0.0
PK0,CZCE,d,2022-12-28 00:00:00,10238.0,10280.0,10188.0,10212.0,57658,95257,0.0
PK0,CZCE,d,2022-12-29 00:00:00,10188.0,10220.0,10050.0,10064.0,88754,96987,0.0
PK0,CZCE,d,2022-12-30 00:00:00,10048.0,10116.0,9936.0,9986.0,110803,102815,0.0
PK0,CZCE,d,2023-01-03 00:00:00,9968.0,10202.0,9958.0,10076.0,121358,105478,0.0
PK0,CZCE,d,2023-01-04 00:00:00,10060.0,10074.0,9906.0,10000.0,100534,104043,0.0
PK0,CZCE,d,2023-01-05 00:00:00,9980.0,10022.0,9896.0,9924.0,71498,111932,0.0
PK0,CZCE,d,2023-01-06 00:00:00,9900.0,9986.0,9886.0,9944.0,51646,112444,0.0
PK0,CZCE,d,2023-01-09 00:00:00,9968.0,10170.0,9968.0,10160.0,91018,108622,0.0
PK0,CZCE,d,2023-01-10 00:00:00,10160.0,10210.0,10000.0,10136.0,107228,99670,0.0
PK0,CZCE,d,2023-01-11 00:00:00,10150.0,10228.0,10102.0,10192.0,54011,99582,0.0
PK0,CZCE,d,2023-01-12 00:00:00,10190.0,10400.0,10184.0,10370.0,89162,100423,0.0
PK0,CZCE,d,2023-01-13 00:00:00,10388.0,10460.0,10318.0,10396.0,73335,99525,0.0
PK0,CZCE,d,2023-01-16 00:00:00,10414.0,10484.0,10376.0,10416.0,58105,100849,0.0
PK0,CZCE,d,2023-01-17 00:00:00,10400.0,10458.0,10368.0,10454.0,45657,97510,0.0
PK0,CZCE,d,2023-01-18 00:00:00,10500.0,10600.0,10434.0,10588.0,67921,99773,0.0
PK0,CZCE,d,2023-01-19 00:00:00,10574.0,10718.0,10542.0,10706.0,80458,97763,0.0
PK0,CZCE,d,2023-01-20 00:00:00,10708.0,10750.0,10582.0,10714.0,51661,94957,0.0
PK0,CZCE,d,2023-01-30 00:00:00,10786.0,10980.0,10660.0,10672.0,72725,97079,0.0
PK0,CZCE,d,2023-01-31 00:00:00,10676.0,10750.0,10570.0,10588.0,67628,98977,0.0
PK0,CZCE,d,2023-02-01 00:00:00,10616.0,10716.0,10596.0,10680.0,58756,100186,0.0
PK0,CZCE,d,2023-02-02 00:00:00,10650.0,10650.0,10386.0,10418.0,76162,97068,0.0
PK0,CZCE,d,2023-02-03 00:00:00,10410.0,10512.0,10350.0,10458.0,57861,96047,0.0
PK0,CZCE,d,2023-02-06 00:00:00,10438.0,10540.0,10386.0,10446.0,57688,94516,0.0
PK0,CZCE,d,2023-02-07 00:00:00,10428.0,10648.0,10406.0,10498.0,92293,92553,0.0
PK0,CZCE,d,2023-02-08 00:00:00,10542.0,10566.0,10484.0,10542.0,42014,92398,0.0
PK0,CZCE,d,2023-02-09 00:00:00,10552.0,10584.0,10450.0,10464.0,46068,92072,0.0
PK0,CZCE,d,2023-02-10 00:00:00,10500.0,10706.0,10488.0,10688.0,106525,95906,0.0
PK0,CZCE,d,2023-02-13 00:00:00,10750.0,10836.0,10684.0,10736.0,69657,100374,0.0
PK0,CZCE,d,2023-02-14 00:00:00,10752.0,10946.0,10712.0,10928.0,117378,101685,0.0
PK0,CZCE,d,2023-02-15 00:00:00,11056.0,11060.0,10956.0,11022.0,101433,110921,0.0
PK0,CZCE,d,2023-02-16 00:00:00,11020.0,11118.0,10972.0,11094.0,91133,116550,0.0
PK0,CZCE,d,2023-02-17 00:00:00,11100.0,11236.0,11074.0,11230.0,91359,127917,0.0
PK0,CZCE,d,2023-02-20 00:00:00,11250.0,11252.0,11120.0,11228.0,103078,131015,0.0
PK0,CZCE,d,2023-02-21 00:00:00,11210.0,11274.0,11166.0,11262.0,82082,134467,0.0
PK0,CZCE,d,2023-02-22 00:00:00,11260.0,11354.0,11202.0,11216.0,113839,139017,0.0
PK0,CZCE,d,2023-02-23 00:00:00,11214.0,11270.0,11132.0,11234.0,107320,138254,0.0
PK0,CZCE,d,2023-02-24 00:00:00,11234.0,11324.0,11230.0,11314.0,87601,143252,0.0
PK0,CZCE,d,2023-02-27 00:00:00,11332.0,11408.0,11288.0,11318.0,105169,148059,0.0
PK0,CZCE,d,2023-02-28 00:00:00,11290.0,11290.0,10836.0,10878.0,246040,121771,0.0
PK0,CZCE,d,2023-03-01 00:00:00,10850.0,11010.0,10810.0,11002.0,161770,112269,0.0
PK0,CZCE,d,2023-03-02 00:00:00,10998.0,11100.0,10950.0,11094.0,119666,106496,0.0
PK0,CZCE,d,2023-03-03 00:00:00,11110.0,11222.0,11076.0,11216.0,111217,109018,0.0
PK0,CZCE,d,2023-03-06 00:00:00,11212.0,11256.0,11038.0,11104.0,136152,106023,0.0
PK0,CZCE,d,2023-03-07 00:00:00,11138.0,11198.0,11066.0,11092.0,100606,106899,0.0
PK0,CZCE,d,2023-03-08 00:00:00,10900.0,11046.0,10696.0,10718.0,203836,80497,0.0
PK0,CZCE,d,2023-03-09 00:00:00,10798.0,10816.0,10682.0,10796.0,86078,70360,0.0
PK0,CZCE,d,2023-03-10 00:00:00,10746.0,10798.0,10628.0,10732.0,103955,58194,0.0
PK0,CZCE,d,2023-03-13 00:00:00,10746.0,10762.0,10568.0,10578.0,82338,49273,0.0
PK0,CZCE,d,2023-03-14 00:00:00,10548.0,10602.0,10512.0,10542.0,52438,40080,0.0
PK0,CZCE,d,2023-03-15 00:00:00,10542.0,10624.0,10500.0,10572.0,42548,33239,0.0
PK0,CZCE,d,2023-03-16 00:00:00,10502.0,10530.0,10308.0,10358.0,62538,22330,0.0
PK0,CZCE,d,2023-03-17 00:00:00,10390.0,10550.0,10382.0,10504.0,99371,101411,0.0
PK0,CZCE,d,2023-03-20 00:00:00,10460.0,10516.0,10224.0,10298.0,105301,106511,0.0
PK0,CZCE,d,2023-03-21 00:00:00,10326.0,10414.0,10302.0,10338.0,76933,110962,0.0
PK0,CZCE,d,2023-03-22 00:00:00,10350.0,10370.0,10130.0,10244.0,117300,111458,0.0
PK0,CZCE,d,2023-03-23 00:00:00,10196.0,10228.0,10070.0,10110.0,86609,119642,0.0
PK0,CZCE,d,2023-03-24 00:00:00,10050.0,10236.0,9948.0,10198.0,119218,118779,0.0
PK0,CZCE,d,2023-03-27 00:00:00,10200.0,10226.0,10102.0,10136.0,69711,120871,0.0
PK0,CZCE,d,2023-03-28 00:00:00,10168.0,10292.0,10126.0,10266.0,86798,122530,0.0
PK0,CZCE,d,2023-03-29 00:00:00,10298.0,10340.0,10150.0,10188.0,75830,119735,0.0
PK0,CZCE,d,2023-03-30 00:00:00,10206.0,10256.0,10112.0,10242.0,66629,122479,0.0
PK0,CZCE,d,2023-03-31 00:00:00,10260.0,10296.0,10218.0,10232.0,59034,123610,0.0
PK0,CZCE,d,2023-04-03 00:00:00,10270.0,10370.0,10164.0,10180.0,101176,124933,0.0
PK0,CZCE,d,2023-04-04 00:00:00,10174.0,10260.0,10146.0,10206.0,61760,123754,0.0
PK0,CZCE,d,2023-04-06 00:00:00,10180.0,10292.0,10164.0,10260.0,82220,125777,0.0
PK0,CZCE,d,2023-04-07 00:00:00,10250.0,10490.0,10240.0,10424.0,115194,125706,0.0
PK0,CZCE,d,2023-04-10 00:00:00,10450.0,10460.0,10316.0,10382.0,86563,125486,0.0
PK0,CZCE,d,2023-04-11 00:00:00,10380.0,10396.0,10260.0,10286.0,86890,126355,0.0
PK0,CZCE,d,2023-04-12 00:00:00,10286.0,10298.0,10182.0,10196.0,84994,127250,0.0
PK0,CZCE,d,2023-04-13 00:00:00,10172.0,10244.0,10158.0,10208.0,56474,127275,0.0
PK0,CZCE,d,2023-04-14 00:00:00,10208.0,10278.0,10186.0,10226.0,69712,124140,0.0
PK0,CZCE,d,2023-04-17 00:00:00,10328.0,10456.0,10326.0,10430.0,112667,129690,0.0
PK0,CZCE,d,2023-04-18 00:00:00,10450.0,10572.0,10450.0,10542.0,87551,135283,0.0
PK0,CZCE,d,2023-04-19 00:00:00,10566.0,10586.0,10480.0,10550.0,70747,134637,0.0
PK0,CZCE,d,2023-04-20 00:00:00,10500.0,10550.0,10434.0,10462.0,89036,128095,0.0
PK0,CZCE,d,2023-04-21 00:00:00,10422.0,10422.0,10220.0,10236.0,108148,116440,0.0
PK0,CZCE,d,2023-04-24 00:00:00,10240.0,10626.0,10202.0,10596.0,197654,137112,0.0
PK0,CZCE,d,2023-04-25 00:00:00,10628.0,10636.0,10400.0,10466.0,133833,127989,0.0
PK0,CZCE,d,2023-04-26 00:00:00,10420.0,10580.0,10408.0,10556.0,88345,129855,0.0
PK0,CZCE,d,2023-04-27 00:00:00,10556.0,10596.0,10478.0,10520.0,70181,131616,0.0
PK0,CZCE,d,2023-04-28 00:00:00,10510.0,10706.0,10508.0,10680.0,119534,134587,0.0
PK0,CZCE,d,2023-05-04 00:00:00,10698.0,10744.0,10584.0,10736.0,93791,138313,0.0
PK0,CZCE,d,2023-05-05 00:00:00,10426.0,10618.0,10360.0,10424.0,389655,104740,0.0
PK0,CZCE,d,2023-05-08 00:00:00,10510.0,10606.0,10392.0,10552.0,271703,117354,0.0
PK0,CZCE,d,2023-05-09 00:00:00,10526.0,10564.0,10422.0,10518.0,270613,119543,0.0
PK0,CZCE,d,2023-05-10 00:00:00,10498.0,10524.0,10260.0,10266.0,254597,124711,0.0
PK0,CZCE,d,2023-05-11 00:00:00,10256.0,10316.0,10110.0,10128.0,251693,122540,0.0
PK0,CZCE,d,2023-05-12 00:00:00,10100.0,10132.0,9918.0,9980.0,209702,128323,0.0
PK0,CZCE,d,2023-05-15 00:00:00,9950.0,9988.0,9878.0,9942.0,260612,131712,0.0
PK0,CZCE,d,2023-05-16 00:00:00,9972.0,10056.0,9822.0,9900.0,211188,136247,0.0
PK0,CZCE,d,2023-05-17 00:00:00,9844.0,9918.0,9724.0,9724.0,195986,135742,0.0
PK0,CZCE,d,2023-05-18 00:00:00,9724.0,9754.0,9632.0,9716.0,192492,140486,0.0
PK0,CZCE,d,2023-05-19 00:00:00,9698.0,9772.0,9654.0,9678.0,182086,140092,0.0
PK0,CZCE,d,2023-05-22 00:00:00,9630.0,9684.0,9436.0,9586.0,218149,141393,0.0
PK0,CZCE,d,2023-05-23 00:00:00,9580.0,9858.0,9560.0,9664.0,230013,135050,0.0
PK0,CZCE,d,2023-05-24 00:00:00,9660.0,9674.0,9188.0,9332.0,345111,144362,0.0
PK0,CZCE,d,2023-05-25 00:00:00,9360.0,9446.0,9300.0,9412.0,270639,140773,0.0
PK0,CZCE,d,2023-05-26 00:00:00,9440.0,9560.0,9370.0,9446.0,227934,144680,0.0
PK0,CZCE,d,2023-05-29 00:00:00,9508.0,9686.0,9492.0,9630.0,256870,137845,0.0
PK0,CZCE,d,2023-05-30 00:00:00,9640.0,9660.0,9470.0,9530.0,209220,135459,0.0
PK0,CZCE,d,2023-05-31 00:00:00,9436.0,9518.0,9288.0,9514.0,238912,129258,0.0
PK0,CZCE,d,2023-06-01 00:00:00,9544.0,9726.0,9454.0,9670.0,231947,118139,0.0
PK0,CZCE,d,2023-06-02 00:00:00,9650.0,9688.0,9542.0,9632.0,181509,116013,0.0
PK0,CZCE,d,2023-06-05 00:00:00,9680.0,9742.0,9506.0,9632.0,203530,116596,0.0
PK0,CZCE,d,2023-06-06 00:00:00,9628.0,9664.0,9492.0,9638.0,169612,117611,0.0
PK0,CZCE,d,2023-06-07 00:00:00,9664.0,9682.0,9546.0,9662.0,165548,119644,0.0
PK0,CZCE,d,2023-06-08 00:00:00,9662.0,9736.0,9496.0,9530.0,211546,124803,0.0
PK0,CZCE,d,2023-06-09 00:00:00,9566.0,9880.0,9548.0,9796.0,257828,120129,0.0
PK0,CZCE,d,2023-06-12 00:00:00,9796.0,9818.0,9672.0,9698.0,190577,118651,0.0
PK0,CZCE,d,2023-06-13 00:00:00,9680.0,9914.0,9666.0,9876.0,205633,117741,0.0
PK0,CZCE,d,2023-06-14 00:00:00,9900.0,9980.0,9804.0,9840.0,218633,116563,0.0
PK0,CZCE,d,2023-06-15 00:00:00,9860.0,9964.0,9778.0,9932.0,214812,115683,0.0
PK0,CZCE,d,2023-06-16 00:00:00,9978.0,10056.0,9956.0,9990.0,230745,116891,0.0
PK0,CZCE,d,2023-06-19 00:00:00,10038.0,10038.0,9882.0,9940.0,160077,116261,0.0
PK0,CZCE,d,2023-06-20 00:00:00,9980.0,10026.0,9820.0,9868.0,176902,119945,0.0
PK0,CZCE,d,2023-06-21 00:00:00,9820.0,9850.0,9736.0,9830.0,175936,122985,0.0
PK0,CZCE,d,2023-06-26 00:00:00,9826.0,9994.0,9812.0,9880.0,180054,132551,0.0
PK0,CZCE,d,2023-06-27 00:00:00,9840.0,10018.0,9710.0,9982.0,252493,151393,0.0
PK0,CZCE,d,2023-06-28 00:00:00,9980.0,10010.0,9914.0,9926.0,207850,159102,0.0
PK0,CZCE,d,2023-06-29 00:00:00,9916.0,9966.0,9872.0,9940.0,160932,159821,0.0
PK0,CZCE,d,2023-06-30 00:00:00,9950.0,10082.0,9940.0,10000.0,275943,147025,0.0
PK0,CZCE,d,2023-07-03 00:00:00,10136.0,10286.0,10126.0,10152.0,110627,140989,0.0
PK0,CZCE,d,2023-07-04 00:00:00,10108.0,10114.0,10020.0,10096.0,90906,132941,0.0
PK0,CZCE,d,2023-07-05 00:00:00,10120.0,10158.0,10008.0,10146.0,86417,131104,0.0
PK0,CZCE,d,2023-07-06 00:00:00,10120.0,10180.0,10082.0,10098.0,63464,125983,0.0
PK0,CZCE,d,2023-07-07 00:00:00,10072.0,10188.0,9994.0,10168.0,98727,126878,0.0
PK0,CZCE,d,2023-07-10 00:00:00,10118.0,10152.0,10048.0,10104.0,65731,124052,0.0
PK0,CZCE,d,2023-07-11 00:00:00,10156.0,10240.0,10072.0,10090.0,91036,125393,0.0
PK0,CZCE,d,2023-07-12 00:00:00,10068.0,10188.0,10068.0,10146.0,55617,125275,0.0
PK0,CZCE,d,2023-07-13 00:00:00,10136.0,10220.0,9968.0,10220.0,117263,128282,0.0
PK0,CZCE,d,2023-07-14 00:00:00,10284.0,10366.0,10100.0,10106.0,102407,124993,0.0
PK0,CZCE,d,2023-07-17 00:00:00,10088.0,10344.0,10068.0,10248.0,102717,134181,0.0
PK0,CZCE,d,2023-07-18 00:00:00,10228.0,10278.0,10162.0,10202.0,57853,128618,0.0
PK0,CZCE,d,2023-07-19 00:00:00,10238.0,10310.0,10178.0,10258.0,75107,129724,0.0
PK0,CZCE,d,2023-07-20 00:00:00,10260.0,10292.0,10216.0,10278.0,53051,129940,0.0
PK0,CZCE,d,2023-07-21 00:00:00,10274.0,10320.0,10178.0,10212.0,58100,126766,0.0
PK0,CZCE,d,2023-07-24 00:00:00,10234.0,10350.0,10216.0,10290.0,83195,131106,0.0
PK0,CZCE,d,2023-07-25 00:00:00,10290.0,10322.0,10242.0,10268.0,52891,127342,0.0
PK0,CZCE,d,2023-07-26 00:00:00,10298.0,10376.0,10254.0,10366.0,71615,132671,0.0
PK0,CZCE,d,2023-07-27 00:00:00,10366.0,10416.0,10320.0,10332.0,45592,130482,0.0
PK0,CZCE,d,2023-07-28 00:00:00,10300.0,10338.0,10114.0,10298.0,121244,124133,0.0
PK0,CZCE,d,2023-07-31 00:00:00,10288.0,10288.0,10182.0,10280.0,71786,124390,0.0
PK0,CZCE,d,2023-08-01 00:00:00,10290.0,10442.0,10286.0,10416.0,119447,150766,0.0
PK0,CZCE,d,2023-08-02 00:00:00,10432.0,10450.0,10352.0,10366.0,71062,150290,0.0
PK0,CZCE,d,2023-08-03 00:00:00,10300.0,10310.0,10208.0,10260.0,79735,146379,0.0
PK0,CZCE,d,2023-08-04 00:00:00,10260.0,10398.0,10246.0,10366.0,77902,155682,0.0
PK0,CZCE,d,2023-08-07 00:00:00,10350.0,10406.0,10282.0,10302.0,66021,160631,0.0
PK0,CZCE,d,2023-08-08 00:00:00,10278.0,10324.0,10156.0,10168.0,103671,165530,0.0
PK0,CZCE,d,2023-08-09 00:00:00,10204.0,10436.0,10164.0,10434.0,133033,167667,0.0
PK0,CZCE,d,2023-08-10 00:00:00,10446.0,10470.0,10340.0,10360.0,95143,164836,0.0
PK0,CZCE,d,2023-08-11 00:00:00,10360.0,10368.0,10200.0,10242.0,103454,159351,0.0
PK0,CZCE,d,2023-08-14 00:00:00,10270.0,10276.0,10086.0,10226.0,114497,159829,0.0
PK0,CZCE,d,2023-08-15 00:00:00,10226.0,10250.0,10172.0,10190.0,73328,157589,0.0
PK0,CZCE,d,2023-08-16 00:00:00,10168.0,10188.0,10074.0,10120.0,75267,160766,0.0
PK0,CZCE,d,2023-08-17 00:00:00,10120.0,10358.0,10092.0,10356.0,118211,162099,0.0
PK0,CZCE,d,2023-08-18 00:00:00,10358.0,10390.0,10308.0,10368.0,76226,165373,0.0
PK0,CZCE,d,2023-08-21 00:00:00,10392.0,10432.0,10332.0,10380.0,80107,165573,0.0
PK0,CZCE,d,2023-08-22 00:00:00,10378.0,10412.0,10310.0,10386.0,72587,167059,0.0
PK0,CZCE,d,2023-08-23 00:00:00,10364.0,10430.0,10350.0,10378.0,72066,168246,0.0
PK0,CZCE,d,2023-08-24 00:00:00,10400.0,10612.0,10400.0,10560.0,135478,177536,0.0
PK0,CZCE,d,2023-08-25 00:00:00,10592.0,10656.0,10546.0,10574.0,88744,182687,0.0
PK0,CZCE,d,2023-08-28 00:00:00,10616.0,10652.0,10496.0,10546.0,75333,181778,0.0
PK0,CZCE,d,2023-08-29 00:00:00,10558.0,10584.0,10434.0,10464.0,86686,178431,0.0
PK0,CZCE,d,2023-08-30 00:00:00,10494.0,10516.0,10290.0,10324.0,114254,175603,0.0
PK0,CZCE,d,2023-08-31 00:00:00,10288.0,10380.0,10240.0,10318.0,128429,176659,0.0
PK0,CZCE,d,2023-09-01 00:00:00,10310.0,10394.0,10296.0,10354.0,82016,174023,0.0
PK0,CZCE,d,2023-09-04 00:00:00,10400.0,10406.0,10210.0,10288.0,97134,172966,0.0
PK0,CZCE,d,2023-09-05 00:00:00,10290.0,10312.0,10218.0,10266.0,68854,172908,0.0
PK0,CZCE,d,2023-09-06 00:00:00,10270.0,10390.0,10270.0,10292.0,95590,173342,0.0
PK0,CZCE,d,2023-09-07 00:00:00,10236.0,10258.0,10134.0,10252.0,115089,172792,0.0
PK0,CZCE,d,2023-09-08 00:00:00,10216.0,10236.0,10044.0,10108.0,100832,176652,0.0
PK0,CZCE,d,2023-09-11 00:00:00,10124.0,10176.0,10032.0,10058.0,83458,177659,0.0
PK0,CZCE,d,2023-09-12 00:00:00,10082.0,10098.0,9962.0,10022.0,74430,175397,0.0
PK0,CZCE,d,2023-09-13 00:00:00,10052.0,10116.0,9920.0,9928.0,100454,173528,0.0
PK0,CZCE,d,2023-09-14 00:00:00,9956.0,10020.0,9936.0,10002.0,70798,170428,0.0
PK0,CZCE,d,2023-09-15 00:00:00,10150.0,10226.0,10022.0,10058.0,100406,164437,0.0
PK0,CZCE,d,2023-09-18 00:00:00,10062.0,10146.0,9990.0,10136.0,84396,159389,0.0
PK0,CZCE,d,2023-09-19 00:00:00,10116.0,10228.0,10076.0,10206.0,89292,155516,0.0
PK0,CZCE,d,2023-09-20 00:00:00,10198.0,10216.0,10092.0,10164.0,59035,156379,0.0
PK0,CZCE,d,2023-09-21 00:00:00,10134.0,10188.0,10028.0,10068.0,87095,152472,0.0
PK0,CZCE,d,2023-09-22 00:00:00,10030.0,10036.0,9866.0,9912.0,128878,155598,0.0
PK0,CZCE,d,2023-09-25 00:00:00,9870.0,9916.0,9710.0,9734.0,103802,153294,0.0
PK0,CZCE,d,2023-09-26 00:00:00,9704.0,9890.0,9704.0,9774.0,131060,127913,0.0
PK0,CZCE,d,2023-09-27 00:00:00,9736.0,9820.0,9730.0,9802.0,72665,108792,0.0
PK0,CZCE,d,2023-09-28 00:00:00,9832.0,9836.0,9688.0,9778.0,90779,93238,0.0
PK0,CZCE,d,2023-10-09 00:00:00,9762.0,9806.0,9694.0,9760.0,56871,87361,0.0
PK0,CZCE,d,2023-10-10 00:00:00,9712.0,9788.0,9656.0,9778.0,72923,82753,0.0
PK0,CZCE,d,2023-10-11 00:00:00,9788.0,9828.0,9762.0,9800.0,59103,74795,0.0
PK0,CZCE,d,2023-10-12 00:00:00,9760.0,9800.0,9712.0,9756.0,44354,62766,0.0
PK0,CZCE,d,2023-10-13 00:00:00,9782.0,9798.0,9674.0,9690.0,56349,52365,0.0
PK0,CZCE,d,2023-10-16 00:00:00,9660.0,9698.0,9540.0,9596.0,65407,47167,0.0
PK0,CZCE,d,2023-10-17 00:00:00,9598.0,9640.0,9564.0,9584.0,32897,41217,0.0
PK0,CZCE,d,2023-10-18 00:00:00,9360.0,9386.0,9272.0,9302.0,56069,114480,0.0
PK0,CZCE,d,2023-10-19 00:00:00,9282.0,9386.0,9248.0,9300.0,61747,116945,0.0
PK0,CZCE,d,2023-10-20 00:00:00,9300.0,9330.0,9168.0,9170.0,73634,130912,0.0
PK0,CZCE,d,2023-10-23 00:00:00,9150.0,9202.0,9130.0,9174.0,46915,134396,0.0
PK0,CZCE,d,2023-10-24 00:00:00,9168.0,9186.0,9032.0,9052.0,65428,140546,0.0
PK0,CZCE,d,2023-10-25 00:00:00,9060.0,9120.0,9046.0,9074.0,48966,139266,0.0
PK0,CZCE,d,2023-10-26 00:00:00,9062.0,9148.0,9062.0,9130.0,51831,133826,0.0
PK0,CZCE,d,2023-10-27 00:00:00,9146.0,9196.0,9106.0,9152.0,53187,129576,0.0
PK0,CZCE,d,2023-10-30 00:00:00,9106.0,9134.0,8810.0,9080.0,82608,132675,0.0
PK0,CZCE,d,2023-10-31 00:00:00,9040.0,9064.0,8920.0,8976.0,78728,137563,0.0
PK0,CZCE,d,2023-11-01 00:00:00,8960.0,9040.0,8940.0,9016.0,62391,134567,0.0
PK0,CZCE,d,2023-11-02 00:00:00,8980.0,9076.0,8980.0,9052.0,44848,131330,0.0
PK0,CZCE,d,2023-11-03 00:00:00,9066.0,9094.0,9044.0,9074.0,55140,131929,0.0
PK0,CZCE,d,2023-11-06 00:00:00,9102.0,9270.0,9084.0,9212.0,103161,119129,0.0
PK0,CZCE,d,2023-11-07 00:00:00,9200.0,9210.0,9112.0,9158.0,66520,119840,0.0
PK0,CZCE,d,2023-11-08 00:00:00,9130.0,9218.0,9130.0,9174.0,56716,122723,0.0
PK0,CZCE,d,2023-11-09 00:00:00,9174.0,9238.0,9032.0,9084.0,106055,123111,0.0
PK0,CZCE,d,2023-11-10 00:00:00,9052.0,9108.0,9014.0,9060.0,66249,129135,0.0
PK0,CZCE,d,2023-11-13 00:00:00,9010.0,9028.0,8844.0,8856.0,105871,145297,0.0
PK0,CZCE,d,2023-11-14 00:00:00,8868.0,8944.0,8868.0,8922.0,63462,144340,0.0
PK0,CZCE,d,2023-11-15 00:00:00,8942.0,8976.0,8890.0,8926.0,64526,146134,0.0
PK0,CZCE,d,2023-11-16 00:00:00,8938.0,9080.0,8926.0,9036.0,112923,135009,0.0
PK0,CZCE,d,2023-11-17 00:00:00,9052.0,9074.0,8962.0,9032.0,73007,129080,0.0
PK0,CZCE,d,2023-11-20 00:00:00,9030.0,9116.0,8976.0,9046.0,79870,124922,0.0
PK0,CZCE,d,2023-11-21 00:00:00,9044.0,9044.0,8952.0,9000.0,83450,122831,0.0
PK0,CZCE,d,2023-11-22 00:00:00,9022.0,9098.0,8940.0,9014.0,95747,119984,0.0
PK0,CZCE,d,2023-11-23 00:00:00,9006.0,9034.0,8970.0,8988.0,43181,115272,0.0
PK0,CZCE,d,2023-11-24 00:00:00,8982.0,8992.0,8754.0,8770.0,147501,122686,0.0
PK0,CZCE,d,2023-11-27 00:00:00,8888.0,8894.0,8790.0,8838.0,71653,115295,0.0
PK0,CZCE,d,2023-11-28 00:00:00,8724.0,8756.0,8696.0,8754.0,77586,113816,0.0
PK0,CZCE,d,2023-11-29 00:00:00,8762.0,8818.0,8630.0,8670.0,119164,124798,0.0
PK0,CZCE,d,2023-11-30 00:00:00,8688.0,8814.0,8678.0,8786.0,116814,131025,0.0
PK0,CZCE,d,2023-12-01 00:00:00,8760.0,8826.0,8700.0,8798.0,89989,133043,0.0
PK0,CZCE,d,2023-12-04 00:00:00,8848.0,8906.0,8826.0,8864.0,101912,136662,0.0
PK0,CZCE,d,2023-12-05 00:00:00,8868.0,8928.0,8776.0,8874.0,115743,138774,0.0
PK0,CZCE,d,2023-12-06 00:00:00,8880.0,9000.0,8840.0,8946.0,136620,143541,0.0
PK0,CZCE,d,2023-12-07 00:00:00,8946.0,9016.0,8906.0,8978.0,100167,144577,0.0
PK0,CZCE,d,2023-12-08 00:00:00,8978.0,9078.0,8890.0,8940.0,164859,155474,0.0
PK0,CZCE,d,2023-12-11 00:00:00,8904.0,8922.0,8802.0,8822.0,135190,155719,0.0
PK0,CZCE,d,2023-12-12 00:00:00,8832.0,8888.0,8824.0,8856.0,88264,158083,0.0
PK0,CZCE,d,2023-12-13 00:00:00,8816.0,8818.0,8622.0,8722.0,140477,164640,0.0
PK0,CZCE,d,2023-12-14 00:00:00,8730.0,8950.0,8730.0,8832.0,207610,164581,0.0
PK0,CZCE,d,2023-12-15 00:00:00,8878.0,8894.0,8840.0,8878.0,74988,164071,0.0
PK0,CZCE,d,2023-12-18 00:00:00,8886.0,8902.0,8820.0,8836.0,96581,168944,0.0
PK0,CZCE,d,2023-12-19 00:00:00,8854.0,8878.0,8798.0,8860.0,79906,169754,0.0
PK0,CZCE,d,2023-12-20 00:00:00,8852.0,8940.0,8842.0,8868.0,140340,165201,0.0
PK0,CZCE,d,2023-12-21 00:00:00,8846.0,8850.0,8768.0,8800.0,127786,170929,0.0
PK0,CZCE,d,2023-12-22 00:00:00,8786.0,8866.0,8700.0,8788.0,189467,171445,0.0
PK0,CZCE,d,2023-12-25 00:00:00,8770.0,8826.0,8738.0,8792.0,127441,172442,0.0
PK0,CZCE,d,2023-12-26 00:00:00,8780.0,8822.0,8722.0,8752.0,160260,180385,0.0
PK0,CZCE,d,2023-12-27 00:00:00,8742.0,8836.0,8738.0,8798.0,124683,173928,0.0
PK0,CZCE,d,2023-12-28 00:00:00,8782.0,8818.0,8672.0,8722.0,175335,175514,0.0
PK0,CZCE,d,2023-12-29 00:00:00,8710.0,8730.0,8588.0,8638.0,167029,174636,0.0
PK0,CZCE,d,2024-01-02 00:00:00,8648.0,8754.0,8602.0,8746.0,95127,166445,0.0
PK0,CZCE,d,2024-01-03 00:00:00,8746.0,8808.0,8708.0,8776.0,65336,158616,0.0
PK0,CZCE,d,2024-01-04 00:00:00,8800.0,8984.0,8792.0,8858.0,170896,147108,0.0
PK0,CZCE,d,2024-01-05 00:00:00,8860.0,8888.0,8772.0,8778.0,61587,144800,0.0
PK0,CZCE,d,2024-01-08 00:00:00,8774.0,8818.0,8720.0,8772.0,59544,145269,0.0
PK0,CZCE,d,2024-01-09 00:00:00,8746.0,8840.0,8722.0,8796.0,65507,141388,0.0
PK0,CZCE,d,2024-01-10 00:00:00,8808.0,8890.0,8802.0,8884.0,75090,139034,0.0
PK0,CZCE,d,2024-01-11 00:00:00,8890.0,8954.0,8830.0,8938.0,102968,136430,0.0
PK0,CZCE,d,2024-01-12 00:00:00,8950.0,9054.0,8918.0,8972.0,102992,134123,0.0
PK0,CZCE,d,2024-01-15 00:00:00,8956.0,8956.0,8866.0,8892.0,68753,122926,0.0
PK0,CZCE,d,2024-01-16 00:00:00,8888.0,8908.0,8838.0,8888.0,50381,115654,0.0
PK0,CZCE,d,2024-01-17 00:00:00,8886.0,8912.0,8762.0,8792.0,85645,104363,0.0
PK0,CZCE,d,2024-01-18 00:00:00,8772.0,8800.0,8722.0,8776.0,63275,97210,0.0
PK0,CZCE,d,2024-01-19 00:00:00,8762.0,8792.0,8736.0,8758.0,47017,95369,0.0
PK0,CZCE,d,2024-01-22 00:00:00,8746.0,8916.0,8624.0,8882.0,97120,86572,0.0
PK0,CZCE,d,2024-01-23 00:00:00,8892.0,8914.0,8802.0,8884.0,58924,82450,0.0
PK0,CZCE,d,2024-01-24 00:00:00,8908.0,8950.0,8848.0,8854.0,72166,83434,0.0
PK0,CZCE,d,2024-01-25 00:00:00,8878.0,8948.0,8870.0,8928.0,53012,86272,0.0
PK0,CZCE,d,2024-01-26 00:00:00,8890.0,8934.0,8804.0,8912.0,69759,80048,0.0
PK0,CZCE,d,2024-01-29 00:00:00,8912.0,8996.0,8866.0,8880.0,69716,78744,0.0
PK0,CZCE,d,2024-01-30 00:00:00,8860.0,8860.0,8762.0,8846.0,66867,68102,0.0
PK0,CZCE,d,2024-01-31 00:00:00,8846.0,8940.0,8844.0,8874.0,63768,67470,0.0
PK0,CZCE,d,2024-02-01 00:00:00,8856.0,8884.0,8806.0,8846.0,43066,62577,0.0
PK0,CZCE,d,2024-02-02 00:00:00,8860.0,8870.0,8786.0,8826.0,44700,57400,0.0
PK0,CZCE,d,2024-02-05 00:00:00,8836.0,8858.0,8776.0,8798.0,36403,53906,0.0
PK0,CZCE,d,2024-02-06 00:00:00,8818.0,8900.0,8766.0,8868.0,62039,50747,0.0
PK0,CZCE,d,2024-02-07 00:00:00,8860.0,8886.0,8788.0,8812.0,38725,38397,0.0
PK0,CZCE,d,2024-02-08 00:00:00,8830.0,8950.0,8812.0,8922.0,54091,28780,0.0
PK0,CZCE,d,2024-02-19 00:00:00,8962.0,9222.0,8962.0,9188.0,49425,24314,0.0
PK0,CZCE,d,2024-02-20 00:00:00,9070.0,9144.0,8966.0,8988.0,131364,78014,0.0
PK0,CZCE,d,2024-02-21 00:00:00,8986.0,9176.0,8980.0,9160.0,123468,93660,0.0
PK0,CZCE,d,2024-02-22 00:00:00,9156.0,9186.0,9088.0,9158.0,76129,102341,0.0
PK0,CZCE,d,2024-02-23 00:00:00,9140.0,9200.0,9112.0,9164.0,53549,103671,0.0
PK0,CZCE,d,2024-02-26 00:00:00,9160.0,9166.0,9102.0,9148.0,50641,105730,0.0
PK0,CZCE,d,2024-02-27 00:00:00,9140.0,9142.0,9010.0,9050.0,73844,101229,0.0
PK0,CZCE,d,2024-02-28 00:00:00,9050.0,9090.0,9016.0,9052.0,57285,102104,0.0
PK0,CZCE,d,2024-02-29 00:00:00,9046.0,9108.0,9030.0,9088.0,55175,102406,0.0
PK0,CZCE,d,2024-03-01 00:00:00,9100.0,9142.0,9022.0,9038.0,65391,98904,0.0
PK0,CZCE,d,2024-03-04 00:00:00,9050.0,9118.0,9004.0,9028.0,69001,94740,0.0
PK0,CZCE,d,2024-03-05 00:00:00,9050.0,9100.0,9036.0,9080.0,52349,94153,0.0
PK0,CZCE,d,2024-03-06 00:00:00,9102.0,9146.0,8902.0,8938.0,148045,88217,0.0
PK0,CZCE,d,2024-03-07 00:00:00,8912.0,8986.0,8912.0,8966.0,50236,80843,0.0
PK0,CZCE,d,2024-03-08 00:00:00,8966.0,9056.0,8946.0,9036.0,63819,76629,0.0
PK0,CZCE,d,2024-03-11 00:00:00,9010.0,9060.0,8942.0,9008.0,63811,70279,0.0
PK0,CZCE,d,2024-03-12 00:00:00,9020.0,9078.0,8980.0,9026.0,63127,68986,0.0
PK0,CZCE,d,2024-03-13 00:00:00,9054.0,9090.0,8992.0,9018.0,54380,62662,0.0
PK0,CZCE,d,2024-03-14 00:00:00,9030.0,9048.0,8950.0,8998.0,62153,53323,0.0
PK0,CZCE,d,2024-03-15 00:00:00,8954.0,9028.0,8870.0,8980.0,85161,47144,0.0
PK0,CZCE,d,2024-03-18 00:00:00,9000.0,9072.0,8950.0,8978.0,42572,42198,0.0
PK0,CZCE,d,2024-03-19 00:00:00,9006.0,9022.0,8950.0,8980.0,26434,37194,0.0
PK0,CZCE,d,2024-03-20 00:00:00,8978.0,9002.0,8934.0,8986.0,17707,32994,0.0
PK0,CZCE,d,2024-03-21 00:00:00,9486.0,9636.0,9382.0,9406.0,96151,72292,0.0
PK0,CZCE,d,2024-03-22 00:00:00,9394.0,9480.0,9356.0,9434.0,55656,72365,0.0
PK0,CZCE,d,2024-03-25 00:00:00,9414.0,9584.0,9308.0,9540.0,111701,81425,0.0
PK0,CZCE,d,2024-03-26 00:00:00,9580.0,9580.0,9434.0,9500.0,69879,80055,0.0
PK0,CZCE,d,2024-03-27 00:00:00,9514.0,9592.0,9466.0,9550.0,84563,85989,0.0
PK0,CZCE,d,2024-03-28 00:00:00,9550.0,9550.0,9428.0,9436.0,70159,87361,0.0
PK0,CZCE,d,2024-03-29 00:00:00,9400.0,9434.0,9346.0,9410.0,67727,85669,0.0
PK0,CZCE,d,2024-04-01 00:00:00,9354.0,9444.0,9308.0,9420.0,67542,87323,0.0
PK0,CZCE,d,2024-04-02 00:00:00,9438.0,9438.0,9336.0,9344.0,47297,89023,0.0
PK0,CZCE,d,2024-04-03 00:00:00,9322.0,9400.0,9280.0,9372.0,71255,89081,0.0
PK0,CZCE,d,2024-04-08 00:00:00,9400.0,9472.0,9370.0,9470.0,75959,94794,0.0
PK0,CZCE,d,2024-04-09 00:00:00,9470.0,9520.0,9440.0,9464.0,58103,98062,0.0
PK0,CZCE,d,2024-04-10 00:00:00,9482.0,9498.0,9426.0,9468.0,42489,96758,0.0
PK0,CZCE,d,2024-04-11 00:00:00,9446.0,9512.0,9402.0,9488.0,66822,98175,0.0
PK0,CZCE,d,2024-04-12 00:00:00,9476.0,9504.0,9432.0,9484.0,53927,100119,0.0
PK0,CZCE,d,2024-04-15 00:00:00,9470.0,9474.0,9270.0,9270.0,98798,97645,0.0
PK0,CZCE,d,2024-04-16 00:00:00,9250.0,9292.0,9194.0,9234.0,81276,94823,0.0
PK0,CZCE,d,2024-04-17 00:00:00,9226.0,9240.0,9116.0,9168.0,70636,91943,0.0
PK0,CZCE,d,2024-04-18 00:00:00,9200.0,9232.0,9128.0,9132.0,55909,90574,0.0
PK0,CZCE,d,2024-04-19 00:00:00,9116.0,9220.0,9102.0,9196.0,53734,86285,0.0
PK0,CZCE,d,2024-04-22 00:00:00,9202.0,9220.0,9146.0,9180.0,49285,84890,0.0
PK0,CZCE,d,2024-04-23 00:00:00,9216.0,9296.0,9186.0,9224.0,74756,86260,0.0
PK0,CZCE,d,2024-04-24 00:00:00,9220.0,9242.0,9170.0,9202.0,41193,87255,0.0
PK0,CZCE,d,2024-04-25 00:00:00,9208.0,9210.0,9020.0,9024.0,83327,91624,0.0
PK0,CZCE,d,2024-04-26 00:00:00,9022.0,9050.0,8988.0,9006.0,53779,92588,0.0
PK0,CZCE,d,2024-04-29 00:00:00,9018.0,9074.0,9010.0,9038.0,41665,92452,0.0
PK0,CZCE,d,2024-04-30 00:00:00,9044.0,9062.0,9006.0,9016.0,40258,91504,0.0
PK0,CZCE,d,2024-05-06 00:00:00,9098.0,9172.0,9070.0,9122.0,62108,91106,0.0
PK0,CZCE,d,2024-05-07 00:00:00,9150.0,9190.0,9106.0,9178.0,53490,95295,0.0
PK0,CZCE,d,2024-05-08 00:00:00,9156.0,9156.0,9110.0,9130.0,38438,95601,0.0
PK0,CZCE,d,2024-05-09 00:00:00,9108.0,9108.0,8970.0,9008.0,70883,101728,0.0
PK0,CZCE,d,2024-05-10 00:00:00,8970.0,8994.0,8902.0,8936.0,58508,107500,0.0
PK0,CZCE,d,2024-05-13 00:00:00,8936.0,9092.0,8936.0,9032.0,66153,102341,0.0
PK0,CZCE,d,2024-05-14 00:00:00,9046.0,9292.0,9014.0,9256.0,153674,110596,0.0
PK0,CZCE,d,2024-05-15 00:00:00,9224.0,9334.0,9150.0,9198.0,167978,103811,0.0
PK0,CZCE,d,2024-05-16 00:00:00,9220.0,9238.0,9172.0,9228.0,58439,99546,0.0
PK0,CZCE,d,2024-05-17 00:00:00,9222.0,9272.0,9204.0,9258.0,53754,99140,0.0
PK0,CZCE,d,2024-05-20 00:00:00,9226.0,9268.0,9132.0,9142.0,88969,95283,0.0
PK0,CZCE,d,2024-05-21 00:00:00,9150.0,9242.0,9100.0,9144.0,89650,94911,0.0
PK0,CZCE,d,2024-05-22 00:00:00,9138.0,9212.0,9110.0,9192.0,63544,99582,0.0
PK0,CZCE,d,2024-05-23 00:00:00,9170.0,9320.0,9146.0,9206.0,156100,107848,0.0
PK0,CZCE,d,2024-05-24 00:00:00,9212.0,9212.0,9130.0,9154.0,81136,104016,0.0
PK0,CZCE,d,2024-05-27 00:00:00,9120.0,9188.0,9100.0,9142.0,64130,106161,0.0
PK0,CZCE,d,2024-05-28 00:00:00,9166.0,9196.0,9128.0,9150.0,83072,103040,0.0
PK0,CZCE,d,2024-05-29 00:00:00,9150.0,9242.0,9136.0,9228.0,87104,106543,0.0
PK0,CZCE,d,2024-05-30 00:00:00,9228.0,9264.0,9140.0,9150.0,77570,103959,0.0
PK0,CZCE,d,2024-05-31 00:00:00,9134.0,9136.0,9006.0,9070.0,91410,98742,0.0
PK0,CZCE,d,2024-06-03 00:00:00,9078.0,9090.0,9008.0,9012.0,68674,103199,0.0
PK0,CZCE,d,2024-06-04 00:00:00,9000.0,9020.0,8954.0,8986.0,68634,108827,0.0
PK0,CZCE,d,2024-06-05 00:00:00,9002.0,9062.0,8992.0,9032.0,58989,108972,0.0
PK0,CZCE,d,2024-06-06 00:00:00,9050.0,9094.0,9018.0,9070.0,58521,106221,0.0
PK0,CZCE,d,2024-06-07 00:00:00,9100.0,9144.0,9038.0,9064.0,55834,103923,0.0
PK0,CZCE,d,2024-06-11 00:00:00,9100.0,9124.0,9064.0,9120.0,67773,104901,0.0
PK0,CZCE,d,2024-06-12 00:00:00,9140.0,9298.0,9066.0,9082.0,286874,104070,0.0
PK0,CZCE,d,2024-06-13 00:00:00,9094.0,9096.0,8930.0,8944.0,148911,117121,0.0
PK0,CZCE,d,2024-06-14 00:00:00,8944.0,8944.0,8850.0,8856.0,121737,132697,0.0
PK0,CZCE,d,2024-06-17 00:00:00,8766.0,8810.0,8712.0,8760.0,121011,144712,0.0
PK0,CZCE,d,2024-06-18 00:00:00,8788.0,8838.0,8728.0,8810.0,101347,143552,0.0
PK0,CZCE,d,2024-06-19 00:00:00,8840.0,8860.0,8788.0,8824.0,53023,143650,0.0
PK0,CZCE,d,2024-06-20 00:00:00,8824.0,8876.0,8792.0,8814.0,67676,135103,0.0
PK0,CZCE,d,2024-06-21 00:00:00,8760.0,8842.0,8750.0,8774.0,58668,133414,0.0
PK0,CZCE,d,2024-06-24 00:00:00,8774.0,8832.0,8758.0,8786.0,56978,132487,0.0
PK0,CZCE,d,2024-06-25 00:00:00,8800.0,8820.0,8760.0,8796.0,56895,130172,0.0
PK0,CZCE,d,2024-06-26 00:00:00,8790.0,8830.0,8730.0,8818.0,72413,129061,0.0
PK0,CZCE,d,2024-06-27 00:00:00,8840.0,8858.0,8806.0,8844.0,50074,127608,0.0
PK0,CZCE,d,2024-06-28 00:00:00,8852.0,8900.0,8844.0,8880.0,58801,123569,0.0
PK0,CZCE,d,2024-07-01 00:00:00,8880.0,8900.0,8846.0,8868.0,41270,124383,0.0
PK0,CZCE,d,2024-07-02 00:00:00,8886.0,8938.0,8864.0,8892.0,45487,121154,0.0
PK0,CZCE,d,2024-07-03 00:00:00,8888.0,8890.0,8646.0,8812.0,187324,125481,0.0
PK0,CZCE,d,2024-07-04 00:00:00,8800.0,8840.0,8776.0,8782.0,66425,125545,0.0
PK0,CZCE,d,2024-07-05 00:00:00,8776.0,8804.0,8758.0,8788.0,47312,122250,0.0
PK0,CZCE,d,2024-07-08 00:00:00,8792.0,8792.0,8744.0,8756.0,65921,124681,0.0
PK0,CZCE,d,2024-07-09 00:00:00,8746.0,8768.0,8712.0,8746.0,47362,125544,0.0
PK0,CZCE,d,2024-07-10 00:00:00,8724.0,8740.0,8612.0,8670.0,82137,133417,0.0
PK0,CZCE,d,2024-07-11 00:00:00,8670.0,8756.0,8658.0,8730.0,60036,130150,0.0
PK0,CZCE,d,2024-07-12 00:00:00,8744.0,8780.0,8702.0,8716.0,53341,130533,0.0
PK0,CZCE,d,2024-07-15 00:00:00,8724.0,8820.0,8704.0,8794.0,64944,127003,0.0
PK0,CZCE,d,2024-07-16 00:00:00,8808.0,8822.0,8762.0,8794.0,50829,128110,0.0
PK0,CZCE,d,2024-07-17 00:00:00,8820.0,8856.0,8810.0,8838.0,68722,126236,0.0
PK0,CZCE,d,2024-07-18 00:00:00,8846.0,8846.0,8766.0,8798.0,52876,124778,0.0
PK0,CZCE,d,2024-07-19 00:00:00,8776.0,8792.0,8718.0,8724.0,57421,128386,0.0
PK0,CZCE,d,2024-07-22 00:00:00,8788.0,8956.0,8788.0,8940.0,147982,131489,0.0
PK0,CZCE,d,2024-07-23 00:00:00,8980.0,8980.0,8918.0,8966.0,79447,127578,0.0
PK0,CZCE,d,2024-07-24 00:00:00,8972.0,8974.0,8908.0,8926.0,62997,128295,0.0
PK0,CZCE,d,2024-07-25 00:00:00,8912.0,8962.0,8856.0,8936.0,65845,124865,0.0
PK0,CZCE,d,2024-07-26 00:00:00,8950.0,8986.0,8908.0,8966.0,68120,125973,0.0
PK0,CZCE,d,2024-07-29 00:00:00,8916.0,8916.0,8744.0,8778.0,106243,118099,0.0
PK0,CZCE,d,2024-07-30 00:00:00,8784.0,8796.0,8700.0,8710.0,65913,123762,0.0
PK0,CZCE,d,2024-07-31 00:00:00,8716.0,8746.0,8690.0,8724.0,40479,124789,0.0
PK0,CZCE,d,2024-08-01 00:00:00,8730.0,8760.0,8704.0,8710.0,38839,125154,0.0
PK0,CZCE,d,2024-08-02 00:00:00,8692.0,8734.0,8680.0,8720.0,40388,124160,0.0
PK0,CZCE,d,2024-08-05 00:00:00,8720.0,8772.0,8706.0,8714.0,49854,123527,0.0
PK0,CZCE,d,2024-08-06 00:00:00,8738.0,8778.0,8696.0,8700.0,57545,125257,0.0
PK0,CZCE,d,2024-08-07 00:00:00,8690.0,8750.0,8660.0,8718.0,56329,123316,0.0
PK0,CZCE,d,2024-08-08 00:00:00,8736.0,8788.0,8718.0,8760.0,45176,120772,0.0
PK0,CZCE,d,2024-08-09 00:00:00,8762.0,8840.0,8758.0,8840.0,65104,120259,0.0
PK0,CZCE,d,2024-08-12 00:00:00,8846.0,8854.0,8794.0,8806.0,47594,120133,0.0
PK0,CZCE,d,2024-08-13 00:00:00,8806.0,8828.0,8736.0,8756.0,53585,117624,0.0
PK0,CZCE,d,2024-08-14 00:00:00,8740.0,8740.0,8590.0,8622.0,84235,125650,0.0
PK0,CZCE,d,2024-08-15 00:00:00,8620.0,8642.0,8580.0,8622.0,42650,126296,0.0
PK0,CZCE,d,2024-08-16 00:00:00,8636.0,8666.0,8622.0,8636.0,37404,125708,0.0
PK0,CZCE,d,2024-08-19 00:00:00,8642.0,8696.0,8572.0,8676.0,51110,119417,0.0
PK0,CZCE,d,2024-08-20 00:00:00,8678.0,8704.0,8650.0,8666.0,31659,120624,0.0
PK0,CZCE,d,2024-08-21 00:00:00,8670.0,8700.0,8626.0,8692.0,45114,117631,0.0
PK0,CZCE,d,2024-08-22 00:00:00,8698.0,8698.0,8652.0,8662.0,38005,116182,0.0
PK0,CZCE,d,2024-08-23 00:00:00,8650.0,8678.0,8606.0,8666.0,38415,113705,0.0
PK0,CZCE,d,2024-08-26 00:00:00,8698.0,8706.0,8630.0,8664.0,43640,112466,0.0
PK0,CZCE,d,2024-08-27 00:00:00,8678.0,8796.0,8676.0,8756.0,74469,101898,0.0
PK0,CZCE,d,2024-08-28 00:00:00,8756.0,8772.0,8722.0,8756.0,35171,99012,0.0
PK0,CZCE,d,2024-08-29 00:00:00,8762.0,8768.0,8712.0,8732.0,29607,96802,0.0
PK0,CZCE,d,2024-08-30 00:00:00,8748.0,8752.0,8714.0,8736.0,30935,93033,0.0
PK0,CZCE,d,2024-09-02 00:00:00,8700.0,8700.0,8550.0,8594.0,68783,88476,0.0
PK0,CZCE,d,2024-09-03 00:00:00,8596.0,8694.0,8562.0,8620.0,65182,80846,0.0
PK0,CZCE,d,2024-09-04 00:00:00,8592.0,8630.0,8500.0,8510.0,50609,74527,0.0
PK0,CZCE,d,2024-09-05 00:00:00,8538.0,8544.0,8458.0,8472.0,38802,71663,0.0
PK0,CZCE,d,2024-09-06 00:00:00,8226.0,8248.0,8158.0,8174.0,55220,124915,0.0
PK0,CZCE,d,2024-09-09 00:00:00,8178.0,8204.0,8130.0,8174.0,57316,128948,0.0
PK0,CZCE,d,2024-09-10 00:00:00,8156.0,8178.0,8086.0,8132.0,54083,138665,0.0
PK0,CZCE,d,2024-09-11 00:00:00,8126.0,8174.0,8100.0,8158.0,42154,137238,0.0
PK0,CZCE,d,2024-09-12 00:00:00,8138.0,8140.0,8040.0,8048.0,70123,145508,0.0
PK0,CZCE,d,2024-09-13 00:00:00,8062.0,8106.0,8060.0,8092.0,61120,141282,0.0
PK0,CZCE,d,2024-09-18 00:00:00,8010.0,8058.0,7946.0,8028.0,65098,146184,0.0
PK0,CZCE,d,2024-09-19 00:00:00,8016.0,8022.0,7854.0,7932.0,98169,155019,0.0
PK0,CZCE,d,2024-09-20 00:00:00,7920.0,7932.0,7842.0,7864.0,56204,156919,0.0
PK0,CZCE,d,2024-09-23 00:00:00,7832.0,8088.0,7798.0,7912.0,72036,146424,0.0
PK0,CZCE,d,2024-09-24 00:00:00,7922.0,8014.0,7922.0,7990.0,69549,132705,0.0
PK0,CZCE,d,2024-09-25 00:00:00,8020.0,8042.0,7942.0,7958.0,59809,121798,0.0
PK0,CZCE,d,2024-09-26 00:00:00,7936.0,7990.0,7912.0,7946.0,64996,110651,0.0
PK0,CZCE,d,2024-09-27 00:00:00,7928.0,7980.0,7926.0,7966.0,61466,100149,0.0
PK0,CZCE,d,2024-09-30 00:00:00,7970.0,8060.0,7896.0,8042.0,90397,86737,0.0
PK0,CZCE,d,2024-10-08 00:00:00,8158.0,8200.0,7980.0,8016.0,64149,77762,0.0
PK0,CZCE,d,2024-10-09 00:00:00,8022.0,8114.0,7968.0,8054.0,87866,97119,0.0
PK0,CZCE,d,2024-10-10 00:00:00,8050.0,8070.0,7982.0,7986.0,70124,109047,0.0
PK0,CZCE,d,2024-10-11 00:00:00,7992.0,8040.0,7938.0,7940.0,72248,116186,0.0
PK0,CZCE,d,2024-10-14 00:00:00,7950.0,8058.0,7930.0,8048.0,94019,118511,0.0
PK0,CZCE,d,2024-10-15 00:00:00,8038.0,8098.0,8026.0,8038.0,77603,120485,0.0
PK0,CZCE,d,2024-10-16 00:00:00,8040.0,8086.0,8028.0,8068.0,52670,123896,0.0
PK0,CZCE,d,2024-10-17 00:00:00,8074.0,8090.0,7990.0,8036.0,60445,122052,0.0
PK0,CZCE,d,2024-10-18 00:00:00,8056.0,8106.0,8008.0,8078.0,59809,117000,0.0
PK0,CZCE,d,2024-10-21 00:00:00,8078.0,8150.0,8012.0,8084.0,94895,112879,0.0
PK0,CZCE,d,2024-10-22 00:00:00,8090.0,8190.0,8076.0,8186.0,66059,114820,0.0
PK0,CZCE,d,2024-10-23 00:00:00,8230.0,8280.0,8092.0,8120.0,135132,125405,0.0
PK0,CZCE,d,2024-10-24 00:00:00,8112.0,8204.0,8112.0,8204.0,55304,121284,0.0
PK0,CZCE,d,2024-10-25 00:00:00,8226.0,8226.0,8128.0,8140.0,48315,122000,0.0
PK0,CZCE,d,2024-10-28 00:00:00,8108.0,8150.0,8108.0,8120.0,41197,120779,0.0
PK0,CZCE,d,2024-10-29 00:00:00,8126.0,8160.0,8058.0,8060.0,66647,118266,0.0
PK0,CZCE,d,2024-10-30 00:00:00,8070.0,8238.0,8054.0,8178.0,105926,118917,0.0
PK0,CZCE,d,2024-10-31 00:00:00,8198.0,8230.0,8132.0,8160.0,76350,120496,0.0
PK0,CZCE,d,2024-11-01 00:00:00,8194.0,8304.0,8160.0,8278.0,103065,123742,0.0
PK0,CZCE,d,2024-11-04 00:00:00,8260.0,8260.0,8182.0,8226.0,88334,133974,0.0
PK0,CZCE,d,2024-11-05 00:00:00,8218.0,8246.0,8152.0,8162.0,66928,132384,0.0
PK0,CZCE,d,2024-11-06 00:00:00,8182.0,8206.0,8134.0,8142.0,60201,131461,0.0
PK0,CZCE,d,2024-11-07 00:00:00,8192.0,8258.0,8182.0,8218.0,86016,131156,0.0
PK0,CZCE,d,2024-11-08 00:00:00,8256.0,8318.0,8212.0,8238.0,80625,128276,0.0
PK0,CZCE,d,2024-11-11 00:00:00,8250.0,8316.0,8226.0,8298.0,69704,128514,0.0
PK0,CZCE,d,2024-11-12 00:00:00,8278.0,8294.0,8222.0,8256.0,51607,128349,0.0
PK0,CZCE,d,2024-11-13 00:00:00,8232.0,8258.0,8200.0,8218.0,40493,127122,0.0
PK0,CZCE,d,2024-11-14 00:00:00,8212.0,8218.0,8030.0,8032.0,115465,128703,0.0
PK0,CZCE,d,2024-11-15 00:00:00,8028.0,8036.0,7884.0,7912.0,101400,134547,0.0
PK0,CZCE,d,2024-11-18 00:00:00,7898.0,7906.0,7848.0,7866.0,55081,137797,0.0
PK0,CZCE,d,2024-11-19 00:00:00,7890.0,7972.0,7874.0,7966.0,69290,128360,0.0
PK0,CZCE,d,2024-11-20 00:00:00,7970.0,7980.0,7880.0,7884.0,59810,135412,0.0
PK0,CZCE,d,2024-11-21 00:00:00,7856.0,7892.0,7820.0,7882.0,42383,139364,0.0
PK0,CZCE,d,2024-11-22 00:00:00,7854.0,7872.0,7772.0,7788.0,58069,145517,0.0
PK0,CZCE,d,2024-11-25 00:00:00,7798.0,7850.0,7796.0,7840.0,38895,141560,0.0
PK0,CZCE,d,2024-11-26 00:00:00,7840.0,7854.0,7804.0,7832.0,38967,139687,0.0
PK0,CZCE,d,2024-11-27 00:00:00,7840.0,7876.0,7832.0,7846.0,40348,136024,0.0
PK0,CZCE,d,2024-11-28 00:00:00,7838.0,7880.0,7812.0,7862.0,48237,130670,0.0
PK0,CZCE,d,2024-11-29 00:00:00,7880.0,7888.0,7828.0,7838.0,42737,128283,0.0
PK0,CZCE,d,2024-12-02 00:00:00,7820.0,7854.0,7792.0,7848.0,41563,124711,0.0
PK0,CZCE,d,2024-12-03 00:00:00,7830.0,7880.0,7806.0,7876.0,51816,115624,0.0
PK0,CZCE,d,2024-12-04 00:00:00,7900.0,7960.0,7826.0,7828.0,45650,110134,0.0
PK0,CZCE,d,2024-12-05 00:00:00,7844.0,7928.0,7774.0,7872.0,71659,97333,0.0
PK0,CZCE,d,2024-12-06 00:00:00,7882.0,7892.0,7822.0,7832.0,41802,96816,0.0
PK0,CZCE,d,2024-12-09 00:00:00,7830.0,7866.0,7792.0,7814.0,51873,93479,0.0
PK0,CZCE,d,2024-12-10 00:00:00,7868.0,7902.0,7830.0,7844.0,54118,78199,0.0
PK0,CZCE,d,2024-12-11 00:00:00,7848.0,7888.0,7826.0,7876.0,43438,65690,0.0
PK0,CZCE,d,2024-12-12 00:00:00,7870.0,7896.0,7814.0,7842.0,44431,50363,0.0
PK0,CZCE,d,2024-12-13 00:00:00,7796.0,7876.0,7746.0,7868.0,96642,133660,0.0
PK0,CZCE,d,2024-12-16 00:00:00,7848.0,7848.0,7732.0,7756.0,89171,146216,0.0
PK0,CZCE,d,2024-12-17 00:00:00,7746.0,7752.0,7712.0,7714.0,48443,151181,0.0
PK0,CZCE,d,2024-12-18 00:00:00,7694.0,7748.0,7648.0,7720.0,76633,149914,0.0
PK0,CZCE,d,2024-12-19 00:00:00,7720.0,7760.0,7694.0,7734.0,47068,149255,0.0
PK0,CZCE,d,2024-12-20 00:00:00,7730.0,7776.0,7728.0,7764.0,43460,146219,0.0
PK0,CZCE,d,2024-12-23 00:00:00,7760.0,7794.0,7752.0,7788.0,35192,143177,0.0
PK0,CZCE,d,2024-12-24 00:00:00,7798.0,7890.0,7792.0,7840.0,71812,133971,0.0
PK0,CZCE,d,2024-12-25 00:00:00,7846.0,7958.0,7832.0,7940.0,68807,126400,0.0
PK0,CZCE,d,2024-12-26 00:00:00,7948.0,7966.0,7888.0,7934.0,55360,121706,0.0
PK0,CZCE,d,2024-12-27 00:00:00,7910.0,7986.0,7910.0,7978.0,52818,119703,0.0
PK0,CZCE,d,2024-12-30 00:00:00,7980.0,7980.0,7896.0,7906.0,53422,116077,0.0
PK0,CZCE,d,2024-12-31 00:00:00,7906.0,7946.0,7896.0,7928.0,41685,111977,0.0
PK0,CZCE,d,2025-01-02 00:00:00,7946.0,7954.0,7904.0,7914.0,42857,115362,0.0
PK0,CZCE,d,2025-01-03 00:00:00,7892.0,7920.0,7812.0,7838.0,58720,117858,0.0
PK0,CZCE,d,2025-01-06 00:00:00,7830.0,7848.0,7800.0,7848.0,31562,121307,0.0
PK0,CZCE,d,2025-01-07 00:00:00,7848.0,7876.0,7814.0,7870.0,30987,119958,0.0
PK0,CZCE,d,2025-01-08 00:00:00,7884.0,7884.0,7818.0,7818.0,34794,120009,0.0
PK0,CZCE,d,2025-01-09 00:00:00,7802.0,7828.0,7782.0,7796.0,40001,122152,0.0
PK0,CZCE,d,2025-01-10 00:00:00,7788.0,7920.0,7788.0,7920.0,47900,117631,0.0
PK0,CZCE,d,2025-01-13 00:00:00,7928.0,8010.0,7922.0,7970.0,71033,117661,0.0
PK0,CZCE,d,2025-01-14 00:00:00,7966.0,8092.0,7966.0,8086.0,59759,120536,0.0
PK0,CZCE,d,2025-01-15 00:00:00,8098.0,8150.0,8072.0,8138.0,56176,123824,0.0
PK0,CZCE,d,2025-01-16 00:00:00,8144.0,8150.0,8024.0,8048.0,58887,117818,0.0
PK0,CZCE,d,2025-01-17 00:00:00,8028.0,8098.0,8028.0,8082.0,61630,117334,0.0
PK0,CZCE,d,2025-01-20 00:00:00,8058.0,8058.0,7992.0,8038.0,50880,107450,0.0
PK0,CZCE,d,2025-01-21 00:00:00,8058.0,8080.0,8022.0,8062.0,38758,99776,0.0
PK0,CZCE,d,2025-01-22 00:00:00,8052.0,8064.0,8010.0,8024.0,40372,81813,0.0
PK0,CZCE,d,2025-01-23 00:00:00,8044.0,8062.0,7966.0,7980.0,55799,70166,0.0
PK0,CZCE,d,2025-01-24 00:00:00,7960.0,7982.0,7850.0,7860.0,69402,56853,0.0
PK0,CZCE,d,2025-01-27 00:00:00,7868.0,7940.0,7866.0,7910.0,40093,50788,0.0
PK0,CZCE,d,2025-02-05 00:00:00,7948.0,8008.0,7940.0,7970.0,28898,52476,0.0
PK0,CZCE,d,2025-02-06 00:00:00,7962.0,8100.0,7956.0,8086.0,43875,56609,0.0
PK0,CZCE,d,2025-02-07 00:00:00,8090.0,8134.0,8054.0,8074.0,30757,70649,0.0
PK0,CZCE,d,2025-02-10 00:00:00,8074.0,8074.0,8000.0,8020.0,33008,78440,0.0
PK0,CZCE,d,2025-02-11 00:00:00,8012.0,8040.0,7968.0,7998.0,33068,83039,0.0
PK0,CZCE,d,2025-02-12 00:00:00,7984.0,8048.0,7972.0,8046.0,37373,90036,0.0
PK0,CZCE,d,2025-02-13 00:00:00,8026.0,8046.0,7930.0,8004.0,65157,87559,0.0
PK0,CZCE,d,2025-02-14 00:00:00,8020.0,8098.0,8010.0,8068.0,61140,94320,0.0
PK0,CZCE,d,2025-02-17 00:00:00,8060.0,8130.0,8028.0,8098.0,55002,102030,0.0
PK0,CZCE,d,2025-02-18 00:00:00,8100.0,8226.0,8100.0,8196.0,92650,114599,0.0
PK0,CZCE,d,2025-02-19 00:00:00,8196.0,8236.0,8180.0,8202.0,45861,115842,0.0
PK0,CZCE,d,2025-02-20 00:00:00,8202.0,8272.0,8180.0,8252.0,50789,115614,0.0
PK0,CZCE,d,2025-02-21 00:00:00,8272.0,8290.0,8234.0,8264.0,47296,112666,0.0
PK0,CZCE,d,2025-02-24 00:00:00,8258.0,8312.0,8206.0,8252.0,62424,109654,0.0
PK0,CZCE,d,2025-02-25 00:00:00,8260.0,8274.0,8210.0,8250.0,39994,106001,0.0
PK0,CZCE,d,2025-02-26 00:00:00,8240.0,8242.0,8180.0,8216.0,43965,100640,0.0
PK0,CZCE,d,2025-02-27 00:00:00,8218.0,8284.0,8204.0,8240.0,48041,102636,0.0
PK0,CZCE,d,2025-02-28 00:00:00,8220.0,8246.0,8140.0,8208.0,46676,97456,0.0
PK0,CZCE,d,2025-03-03 00:00:00,8198.0,8210.0,8162.0,8192.0,35062,96384,0.0
PK0,CZCE,d,2025-03-04 00:00:00,8182.0,8204.0,8142.0,8196.0,34477,95187,0.0
PK0,CZCE,d,2025-03-05 00:00:00,8172.0,8188.0,8100.0,8128.0,55888,86647,0.0
PK0,CZCE,d,2025-03-06 00:00:00,8128.0,8194.0,8108.0,8184.0,42155,86446,0.0
PK0,CZCE,d,2025-03-07 00:00:00,8180.0,8216.0,8144.0,8160.0,46766,86739,0.0
PK0,CZCE,d,2025-03-10 00:00:00,8238.0,8320.0,8236.0,8276.0,64943,93807,0.0
PK0,CZCE,d,2025-03-11 00:00:00,8290.0,8290.0,8190.0,8234.0,46472,89832,0.0
PK0,CZCE,d,2025-03-12 00:00:00,8244.0,8276.0,8222.0,8256.0,26906,90193,0.0
PK0,CZCE,d,2025-03-13 00:00:00,8244.0,8280.0,8232.0,8266.0,24042,91094,0.0
PK0,CZCE,d,2025-03-14 00:00:00,8262.0,8306.0,8244.0,8298.0,32388,93836,0.0
PK0,CZCE,d,2025-03-17 00:00:00,8278.0,8294.0,8228.0,8264.0,32190,90822,0.0
PK0,CZCE,d,2025-03-18 00:00:00,8260.0,8282.0,8170.0,8192.0,49705,93584,0.0
PK0,CZCE,d,2025-03-19 00:00:00,8170.0,8202.0,8160.0,8188.0,35567,89055,0.0
PK0,CZCE,d,2025-03-20 00:00:00,8188.0,8188.0,8132.0,8134.0,36154,86290,0.0
PK0,CZCE,d,2025-03-21 00:00:00,8146.0,8170.0,8114.0,8156.0,29326,85351,0.0
PK0,CZCE,d,2025-03-24 00:00:00,8138.0,8144.0,8062.0,8118.0,38820,84368,0.0
PK0,CZCE,d,2025-03-25 00:00:00,8108.0,8176.0,8086.0,8166.0,35635,85473,0.0
PK0,CZCE,d,2025-03-26 00:00:00,8152.0,8236.0,8142.0,8198.0,39813,83889,0.0
PK0,CZCE,d,2025-03-27 00:00:00,8190.0,8200.0,8160.0,8170.0,23560,81042,0.0
PK0,CZCE,d,2025-03-28 00:00:00,8180.0,8188.0,8136.0,8150.0,27253,78390,0.0
PK0,CZCE,d,2025-03-31 00:00:00,8130.0,8132.0,8064.0,8076.0,43986,81206,0.0
PK0,CZCE,d,2025-04-01 00:00:00,8076.0,8146.0,8070.0,8120.0,35502,77354,0.0
PK0,CZCE,d,2025-04-02 00:00:00,8120.0,8190.0,8120.0,8144.0,38909,70917,0.0
PK0,CZCE,d,2025-04-03 00:00:00,8140.0,8162.0,8088.0,8118.0,27508,69435,0.0
PK0,CZCE,d,2025-04-07 00:00:00,8092.0,8146.0,8000.0,8016.0,46831,71908,0.0
PK0,CZCE,d,2025-04-08 00:00:00,8018.0,8048.0,8004.0,8038.0,30799,74635,0.0
PK0,CZCE,d,2025-04-09 00:00:00,8032.0,8060.0,8000.0,8048.0,30409,71308,0.0
PK0,CZCE,d,2025-04-10 00:00:00,8066.0,8142.0,8056.0,8118.0,38158,62054,0.0
PK0,CZCE,d,2025-04-11 00:00:00,8142.0,8240.0,8140.0,8202.0,56484,49617,0.0
PK0,CZCE,d,2025-04-14 00:00:00,8204.0,8226.0,8172.0,8194.0,25805,42341,0.0
PK0,CZCE,d,2025-04-15 00:00:00,8200.0,8214.0,8180.0,8188.0,26556,32789,0.0
PK0,CZCE,d,2025-04-16 00:00:00,8158.0,8164.0,8110.0,8118.0,21336,49142,0.0
PK0,CZCE,d,2025-04-17 00:00:00,8120.0,8166.0,8110.0,8150.0,17709,53571,0.0
PK0,CZCE,d,2025-04-18 00:00:00,8132.0,8156.0,8004.0,8006.0,68540,69643,0.0
PK0,CZCE,d,2025-04-21 00:00:00,8050.0,8092.0,8022.0,8060.0,51648,73024,0.0
PK0,CZCE,d,2025-04-22 00:00:00,8054.0,8066.0,8026.0,8060.0,22360,74949,0.0
PK0,CZCE,d,2025-04-23 00:00:00,8070.0,8116.0,8054.0,8116.0,36755,72770,0.0
PK0,CZCE,d,2025-04-24 00:00:00,8100.0,8258.0,8100.0,8246.0,102713,85530,0.0
PK0,CZCE,d,2025-04-25 00:00:00,8246.0,8280.0,8208.0,8270.0,57274,90657,0.0
PK0,CZCE,d,2025-04-28 00:00:00,8242.0,8248.0,8118.0,8142.0,64751,77886,0.0
PK0,CZCE,d,2025-04-29 00:00:00,8124.0,8148.0,8062.0,8064.0,46931,71287,0.0
PK0,CZCE,d,2025-04-30 00:00:00,8060.0,8076.0,8036.0,8060.0,34906,70866,0.0
PK0,CZCE,d,2025-05-06 00:00:00,8072.0,8088.0,8020.0,8028.0,32018,77957,0.0
PK0,CZCE,d,2025-05-07 00:00:00,8040.0,8100.0,8022.0,8088.0,47199,84440,0.0
PK0,CZCE,d,2025-05-08 00:00:00,8076.0,8150.0,8054.0,8136.0,45178,82484,0.0
PK0,CZCE,d,2025-05-09 00:00:00,8142.0,8166.0,8106.0,8106.0,31837,81442,0.0
PK0,CZCE,d,2025-05-12 00:00:00,8136.0,8222.0,8102.0,8222.0,62563,87229,0.0
PK0,CZCE,d,2025-05-13 00:00:00,8222.0,8230.0,8148.0,8198.0,44850,88012,0.0
PK0,CZCE,d,2025-05-14 00:00:00,8202.0,8258.0,8192.0,8236.0,43130,92739,0.0
PK0,CZCE,d,2025-05-15 00:00:00,8240.0,8248.0,8208.0,8226.0,32813,93491,0.0
PK0,CZCE,d,2025-05-16 00:00:00,8204.0,8268.0,8204.0,8232.0,35863,96499,0.0
PK0,CZCE,d,2025-05-19 00:00:00,8240.0,8298.0,8216.0,8268.0,52305,101239,0.0
PK0,CZCE,d,2025-05-20 00:00:00,8258.0,8380.0,8236.0,8368.0,71302,117032,0.0
PK0,CZCE,d,2025-05-21 00:00:00,8366.0,8392.0,8328.0,8352.0,56868,122395,0.0
PK0,CZCE,d,2025-05-22 00:00:00,8374.0,8428.0,8352.0,8372.0,64634,128426,0.0
PK0,CZCE,d,2025-05-23 00:00:00,8350.0,8366.0,8278.0,8308.0,64976,122870,0.0
PK0,CZCE,d,2025-05-26 00:00:00,8304.0,8338.0,8226.0,8252.0,68993,119159,0.0
PK0,CZCE,d,2025-05-27 00:00:00,8250.0,8358.0,8244.0,8338.0,59630,119229,0.0
PK0,CZCE,d,2025-05-28 00:00:00,8360.0,8380.0,8326.0,8352.0,53153,121416,0.0
PK0,CZCE,d,2025-05-29 00:00:00,8362.0,8524.0,8346.0,8522.0,100463,138790,0.0
PK0,CZCE,d,2025-05-30 00:00:00,8520.0,8528.0,8366.0,8384.0,121917,141968,0.0
PK0,CZCE,d,2025-06-03 00:00:00,8408.0,8492.0,8390.0,8460.0,87374,153053,0.0
PK0,CZCE,d,2025-06-04 00:00:00,8468.0,8472.0,8350.0,8386.0,84948,147425,0.0
PK0,CZCE,d,2025-06-05 00:00:00,8396.0,8412.0,8342.0,8386.0,50526,149448,0.0
PK0,CZCE,d,2025-06-06 00:00:00,8398.0,8438.0,8378.0,8384.0,49871,149398,0.0
PK0,CZCE,d,2025-06-09 00:00:00,8366.0,8376.0,8290.0,8310.0,69412,139724,0.0
PK0,CZCE,d,2025-06-10 00:00:00,8296.0,8344.0,8282.0,8304.0,43182,138077,0.0
PK0,CZCE,d,2025-06-11 00:00:00,8296.0,8296.0,8188.0,8234.0,109869,132374,0.0
PK0,CZCE,d,2025-06-12 00:00:00,8230.0,8256.0,8182.0,8208.0,60065,132256,0.0
PK0,CZCE,d,2025-06-13 00:00:00,8208.0,8230.0,8186.0,8214.0,48040,127677,0.0
PK0,CZCE,d,2025-06-16 00:00:00,8270.0,8330.0,8270.0,8296.0,62837,122573,0.0
PK0,CZCE,d,2025-06-17 00:00:00,8324.0,8324.0,8236.0,8268.0,49076,127517,0.0
PK0,CZCE,d,2025-06-18 00:00:00,8288.0,8306.0,8236.0,8254.0,43961,123299,0.0
PK0,CZCE,d,2025-06-19 00:00:00,8254.0,8314.0,8236.0,8270.0,52125,122375,0.0
PK0,CZCE,d,2025-06-20 00:00:00,8270.0,8276.0,8222.0,8246.0,48198,121417,0.0
PK0,CZCE,d,2025-06-23 00:00:00,8240.0,8264.0,8196.0,8230.0,49164,120940,0.0
PK0,CZCE,d,2025-06-24 00:00:00,8202.0,8238.0,8186.0,8230.0,39958,118067,0.0
PK0,CZCE,d,2025-06-25 00:00:00,8220.0,8268.0,8218.0,8230.0,37925,118712,0.0
PK0,CZCE,d,2025-06-26 00:00:00,8238.0,8238.0,8150.0,8154.0,59080,123017,0.0
PK0,CZCE,d,2025-06-27 00:00:00,8150.0,8184.0,8142.0,8170.0,33411,121944,0.0
PK0,CZCE,d,2025-06-30 00:00:00,8178.0,8190.0,8144.0,8156.0,24650,123818,0.0
PK0,CZCE,d,2025-07-01 00:00:00,8166.0,8228.0,8158.0,8200.0,45946,120267,0.0
PK0,CZCE,d,2025-07-02 00:00:00,8210.0,8276.0,8192.0,8254.0,44324,116450,0.0
PK0,CZCE,d,2025-07-03 00:00:00,8268.0,8280.0,8240.0,8264.0,34049,114707,0.0
PK0,CZCE,d,2025-07-04 00:00:00,8260.0,8274.0,8180.0,8188.0,45856,115251,0.0
PK0,CZCE,d,2025-07-07 00:00:00,8154.0,8156.0,8078.0,8098.0,73631,117739,0.0
PK0,CZCE,d,2025-07-08 00:00:00,8098.0,8128.0,8080.0,8120.0,41059,111163,0.0
PK0,CZCE,d,2025-07-09 00:00:00,8130.0,8196.0,8120.0,8176.0,48532,103593,0.0
PK0,CZCE,d,2025-07-10 00:00:00,8180.0,8194.0,8158.0,8188.0,26181,100031,0.0
PK0,CZCE,d,2025-07-11 00:00:00,8196.0,8224.0,8158.0,8170.0,33193,98368,0.0
PK0,CZCE,d,2025-07-14 00:00:00,8182.0,8324.0,8182.0,8190.0,113094,94364,0.0
PK0,CZCE,d,2025-07-15 00:00:00,8190.0,8220.0,8156.0,8192.0,54675,91868,0.0
PK0,CZCE,d,2025-07-16 00:00:00,8200.0,8244.0,8184.0,8232.0,33463,93333,0.0
PK0,CZCE,d,2025-07-17 00:00:00,8242.0,8288.0,8226.0,8250.0,53436,92966,0.0
PK0,CZCE,d,2025-07-18 00:00:00,8270.0,8286.0,8212.0,8222.0,46391,92332,0.0
PK0,CZCE,d,2025-07-21 00:00:00,8210.0,8234.0,8188.0,8206.0,47268,94010,0.0
PK0,CZCE,d,2025-07-22 00:00:00,8206.0,8206.0,8108.0,8140.0,69637,94845,0.0
PK0,CZCE,d,2025-07-23 00:00:00,8130.0,8168.0,8114.0,8142.0,39891,95829,0.0
PK0,CZCE,d,2025-07-24 00:00:00,8142.0,8156.0,8126.0,8130.0,31727,95828,0.0
PK0,CZCE,d,2025-07-25 00:00:00,8140.0,8156.0,8118.0,8138.0,27569,97059,0.0
PK0,CZCE,d,2025-07-28 00:00:00,8148.0,8288.0,8134.0,8142.0,119194,101662,0.0
PK0,CZCE,d,2025-07-29 00:00:00,8122.0,8130.0,8046.0,8102.0,70017,102299,0.0
PK0,CZCE,d,2025-07-30 00:00:00,8112.0,8136.0,8092.0,8106.0,36933,101404,0.0
PK0,CZCE,d,2025-07-31 00:00:00,8098.0,8128.0,8072.0,8082.0,37950,99284,0.0
PK0,CZCE,d,2025-08-01 00:00:00,8082.0,8118.0,8070.0,8094.0,28507,99456,0.0
PK0,CZCE,d,2025-08-04 00:00:00,8086.0,8116.0,8072.0,8084.0,34124,98881,0.0
PK0,CZCE,d,2025-08-05 00:00:00,8090.0,8118.0,8032.0,8086.0,55661,99499,0.0
PK0,CZCE,d,2025-08-06 00:00:00,8084.0,8100.0,8066.0,8092.0,23650,98751,0.0
PK0,CZCE,d,2025-08-07 00:00:00,8100.0,8144.0,8084.0,8126.0,50018,101504,0.0
PK0,CZCE,d,2025-08-08 00:00:00,8126.0,8130.0,8088.0,8098.0,33731,99226,0.0
PK0,CZCE,d,2025-08-11 00:00:00,8102.0,8110.0,8056.0,8074.0,34942,98959,0.0
PK0,CZCE,d,2025-08-12 00:00:00,8086.0,8090.0,8062.0,8080.0,28628,95692,0.0
PK0,CZCE,d,2025-08-13 00:00:00,8090.0,8188.0,8088.0,8116.0,64408,89499,0.0
PK0,CZCE,d,2025-08-14 00:00:00,7990.0,7996.0,7878.0,7884.0,82534,104531,0.0
PK0,CZCE,d,2025-08-15 00:00:00,7880.0,7880.0,7818.0,7822.0,89040,121805,0.0
PK0,CZCE,d,2025-08-18 00:00:00,7840.0,7846.0,7802.0,7810.0,54033,128390,0.0
PK0,CZCE,d,2025-08-19 00:00:00,7826.0,7840.0,7796.0,7828.0,50332,131516,0.0
PK0,CZCE,d,2025-08-20 00:00:00,7812.0,7818.0,7768.0,7782.0,51654,135340,0.0
PK0,CZCE,d,2025-08-21 00:00:00,7798.0,7798.0,7726.0,7762.0,65962,144214,0.0
PK0,CZCE,d,2025-08-22 00:00:00,7770.0,7816.0,7766.0,7802.0,70919,140602,0.0
PK0,CZCE,d,2025-08-25 00:00:00,7770.0,7816.0,7720.0,7796.0,79481,140831,0.0
PK0,CZCE,d,2025-08-26 00:00:00,7790.0,7844.0,7782.0,7834.0,69267,140578,0.0
PK0,CZCE,d,2025-08-27 00:00:00,7836.0,7848.0,7766.0,7800.0,72600,141325,0.0
PK0,CZCE,d,2025-08-28 00:00:00,7800.0,7824.0,7784.0,7802.0,56149,142202,0.0
PK0,CZCE,d,2025-08-29 00:00:00,7794.0,7820.0,7762.0,7784.0,62114,150381,0.0
PK0,CZCE,d,2025-09-01 00:00:00,7770.0,7836.0,7770.0,7830.0,72543,151566,0.0
PK0,CZCE,d,2025-09-02 00:00:00,7830.0,7872.0,7776.0,7790.0,83622,151141,0.0
PK0,CZCE,d,2025-09-03 00:00:00,7790.0,7810.0,7778.0,7796.0,43800,153477,0.0
PK0,CZCE,d,2025-09-04 00:00:00,7778.0,7802.0,7756.0,7778.0,53294,154933,0.0
PK0,CZCE,d,2025-09-05 00:00:00,7792.0,7836.0,7784.0,7826.0,59435,147013,0.0
PK0,CZCE,d,2025-09-08 00:00:00,7826.0,7880.0,7802.0,7876.0,100689,137471,0.0
PK0,CZCE,d,2025-09-09 00:00:00,7860.0,7884.0,7774.0,7780.0,113515,131179,0.0
PK0,CZCE,d,2025-09-10 00:00:00,7782.0,7808.0,7774.0,7794.0,55032,132229,0.0
PK0,CZCE,d,2025-09-11 00:00:00,7794.0,7798.0,7752.0,7786.0,93142,132623,0.0
PK0,CZCE,d,2025-09-12 00:00:00,7786.0,7796.0,7750.0,7774.0,110999,138592,0.0
PK0,CZCE,d,2025-09-15 00:00:00,7764.0,7770.0,7726.0,7728.0,124589,148901,0.0
PK0,CZCE,d,2025-09-16 00:00:00,7720.0,7812.0,7708.0,7796.0,147524,142647,0.0
PK0,CZCE,d,2025-09-17 00:00:00,7788.0,7850.0,7784.0,7822.0,100480,132183,0.0
PK0,CZCE,d,2025-09-18 00:00:00,7822.0,7872.0,7810.0,7858.0,95899,131301,0.0
PK0,CZCE,d,2025-09-19 00:00:00,7866.0,7922.0,7818.0,7834.0,172162,130891,0.0
PK0,CZCE,d,2025-09-22 00:00:00,7834.0,7858.0,7794.0,7806.0,82482,127175,0.0
PK0,CZCE,d,2025-09-23 00:00:00,7790.0,7802.0,7740.0,7768.0,97839,121020,0.0
PK0,CZCE,d,2025-09-24 00:00:00,7760.0,7780.0,7744.0,7762.0,52596,117708,0.0
PK0,CZCE,d,2025-09-25 00:00:00,7762.0,7784.0,7744.0,7778.0,57102,116357,0.0
PK0,CZCE,d,2025-09-26 00:00:00,7784.0,7810.0,7760.0,7798.0,66434,108131,0.0
PK0,CZCE,d,2025-09-29 00:00:00,7802.0,7868.0,7800.0,7822.0,91596,89481,0.0
PK0,CZCE,d,2025-09-30 00:00:00,7816.0,7834.0,7726.0,7764.0,98968,75168,0.0
PK0,CZCE,d,2025-10-09 00:00:00,7828.0,7828.0,7662.0,7704.0,86174,72555,0.0
PK0,CZCE,d,2025-10-10 00:00:00,7702.0,7916.0,7682.0,7786.0,198287,72890,0.0
PK0,CZCE,d,2025-10-13 00:00:00,7860.0,8040.0,7858.0,7990.0,125478,126050,0.0
PK0,CZCE,d,2025-10-14 00:00:00,8010.0,8090.0,7950.0,8010.0,168274,162756,0.0
PK0,CZCE,d,2025-10-15 00:00:00,8034.0,8096.0,8020.0,8062.0,124355,186194,0.0
PK0,CZCE,d,2025-10-16 00:00:00,8060.0,8060.0,7940.0,7966.0,129589,192646,0.0
PK0,CZCE,d,2025-10-17 00:00:00,7972.0,8016.0,7918.0,7928.0,94616,187223,0.0
PK0,CZCE,d,2025-10-20 00:00:00,7948.0,7994.0,7908.0,7958.0,100664,199539,0.0
PK0,CZCE,d,2025-10-21 00:00:00,7960.0,7970.0,7876.0,7880.0,102358,199817,0.0
PK0,CZCE,d,2025-10-22 00:00:00,7856.0,7858.0,7792.0,7838.0,124185,186853,0.0
PK0,CZCE,d,2025-10-23 00:00:00,7824.0,7844.0,7812.0,7818.0,61494,191495,0.0
PK0,CZCE,d,2025-10-24 00:00:00,7824.0,7846.0,7774.0,7788.0,91685,189650,0.0
PK0,CZCE,d,2025-10-27 00:00:00,7792.0,7848.0,7790.0,7820.0,81351,182998,0.0
PK0,CZCE,d,2025-10-28 00:00:00,7820.0,7840.0,7800.0,7806.0,52811,179298,0.0
PK0,CZCE,d,2025-10-29 00:00:00,7814.0,7854.0,7808.0,7822.0,68448,175747,0.0
PK0,CZCE,d,2025-10-30 00:00:00,7822.0,7838.0,7778.0,7800.0,71128,170724,0.0
PK0,CZCE,d,2025-10-31 00:00:00,7802.0,7818.0,7760.0,7812.0,46688,168838,0.0
PK0,CZCE,d,2025-11-03 00:00:00,7838.0,7858.0,7788.0,7800.0,69185,168467,0.0
PK0,CZCE,d,2025-11-04 00:00:00,7806.0,7826.0,7796.0,7812.0,44455,165434,0.0
PK0,CZCE,d,2025-11-05 00:00:00,7810.0,7828.0,7778.0,7802.0,48284,164014,0.0
PK0,CZCE,d,2025-11-06 00:00:00,7800.0,7820.0,7774.0,7788.0,55253,168130,0.0
PK0,CZCE,d,2025-11-07 00:00:00,7766.0,7780.0,7714.0,7754.0,104576,172984,0.0
PK0,CZCE,d,2025-11-10 00:00:00,7754.0,7818.0,7740.0,7814.0,91458,159998,0.0
PK0,CZCE,d,2025-11-11 00:00:00,7826.0,7912.0,7816.0,7896.0,131075,166540,0.0
PK0,CZCE,d,2025-11-12 00:00:00,7892.0,7938.0,7880.0,7914.0,92242,165618,0.0
PK0,CZCE,d,2025-11-13 00:00:00,7918.0,7972.0,7894.0,7966.0,95156,166487,0.0
PK0,CZCE,d,2025-11-14 00:00:00,7980.0,8022.0,7870.0,7884.0,139007,172106,0.0
PK0,CZCE,d,2025-11-17 00:00:00,7892.0,7970.0,7866.0,7958.0,82303,168696,0.0
PK0,CZCE,d,2025-11-18 00:00:00,7978.0,7988.0,7904.0,7914.0,75405,167832,0.0
PK0,CZCE,d,2025-11-19 00:00:00,7908.0,7908.0,7794.0,7794.0,104030,151711,0.0
PK0,CZCE,d,2025-11-20 00:00:00,7780.0,7808.0,7760.0,7788.0,80370,136355,0.0
PK0,CZCE,d,2025-11-21 00:00:00,7788.0,7850.0,7770.0,7794.0,105487,128461,0.0
PK0,CZCE,d,2025-11-24 00:00:00,7878.0,7946.0,7828.0,7858.0,112375,118990,0.0
PK0,CZCE,d,2025-11-25 00:00:00,7852.0,7944.0,7818.0,7936.0,98799,107328,0.0
PK0,CZCE,d,2025-11-26 00:00:00,7932.0,8188.0,7932.0,8186.0,220895,128387,0.0
PK0,CZCE,d,2025-11-27 00:00:00,8160.0,8220.0,8094.0,8186.0,165544,127548,0.0
PK0,CZCE,d,2025-11-28 00:00:00,8182.0,8228.0,8118.0,8198.0,121622,129074,0.0
PK0,CZCE,d,2025-12-01 00:00:00,8184.0,8192.0,8110.0,8152.0,83345,123473,0.0
PK0,CZCE,d,2025-12-02 00:00:00,8100.0,8128.0,8064.0,8086.0,114968,151767,0.0
PK0,CZCE,d,2025-12-03 00:00:00,8086.0,8104.0,8022.0,8062.0,126495,161222,0.0
PK0,CZCE,d,2025-12-04 00:00:00,8050.0,8094.0,8040.0,8074.0,99209,171869,0.0
PK0,CZCE,d,2025-12-05 00:00:00,8086.0,8120.0,8044.0,8076.0,110622,174806,0.0
PK0,CZCE,d,2025-12-08 00:00:00,8100.0,8144.0,7994.0,8018.0,161715,169721,0.0
PK0,CZCE,d,2025-12-09 00:00:00,8030.0,8078.0,8016.0,8060.0,136791,176748,0.0
PK0,CZCE,d,2025-12-10 00:00:00,8064.0,8114.0,8060.0,8086.0,147868,186836,0.0
PK0,CZCE,d,2025-12-11 00:00:00,8088.0,8100.0,8030.0,8050.0,124276,184460,0.0
PK0,CZCE,d,2025-12-12 00:00:00,8034.0,8088.0,8024.0,8080.0,119470,186953,0.0
PK0,CZCE,d,2025-12-15 00:00:00,8090.0,8090.0,8046.0,8052.0,108487,191728,0.0
PK0,CZCE,d,2025-12-16 00:00:00,8052.0,8056.0,7950.0,7962.0,157536,183768,0.0
PK0,CZCE,d,2025-12-17 00:00:00,7964.0,8016.0,7938.0,8014.0,123384,181878,0.0
PK0,CZCE,d,2025-12-18 00:00:00,8032.0,8044.0,7976.0,7996.0,94826,182148,0.0
PK0,CZCE,d,2025-12-19 00:00:00,7994.0,7994.0,7952.0,7974.0,94648,179817,0.0
PK0,CZCE,d,2025-12-22 00:00:00,7980.0,7988.0,7920.0,7962.0,99900,172556,0.0
PK0,CZCE,d,2025-12-23 00:00:00,7962.0,7978.0,7916.0,7950.0,72541,167497,0.0
PK0,CZCE,d,2025-12-24 00:00:00,7950.0,7986.0,7936.0,7968.0,86307,168184,0.0
PK0,CZCE,d,2025-12-25 00:00:00,7974.0,7994.0,7950.0,7950.0,80096,167641,0.0
PK0,CZCE,d,2025-12-26 00:00:00,7946.0,7980.0,7940.0,7970.0,130007,163884,0.0
PK0,CZCE,d,2025-12-29 00:00:00,7972.0,8008.0,7926.0,7942.0,118535,160809,0.0
PK0,CZCE,d,2025-12-30 00:00:00,7940.0,7976.0,7916.0,7968.0,78332,157688,0.0
PK0,CZCE,d,2025-12-31 00:00:00,7970.0,8016.0,7970.0,7992.0,111356,149180,0.0
PK0,CZCE,d,2026-01-05 00:00:00,7992.0,8026.0,7936.0,7938.0,98959,150152,0.0
PK0,CZCE,d,2026-01-06 00:00:00,7932.0,8064.0,7932.0,8062.0,111715,164578,0.0
PK0,CZCE,d,2026-01-07 00:00:00,8066.0,8124.0,8038.0,8072.0,144402,164702,0.0
PK0,CZCE,d,2026-01-08 00:00:00,8072.0,8096.0,8032.0,8046.0,75414,167556,0.0
PK0,CZCE,d,2026-01-09 00:00:00,8048.0,8056.0,7942.0,7958.0,136455,153079,0.0
PK0,CZCE,d,2026-01-12 00:00:00,7950.0,7952.0,7840.0,7868.0,140591,152581,0.0
PK0,CZCE,d,2026-01-13 00:00:00,7850.0,7874.0,7820.0,7862.0,71465,158087,0.0
PK0,CZCE,d,2026-01-14 00:00:00,7862.0,7872.0,7830.0,7844.0,67895,164680,0.0
PK0,CZCE,d,2026-01-15 00:00:00,7828.0,7856.0,7818.0,7836.0,56698,167492,0.0
PK0,CZCE,d,2026-01-16 00:00:00,7854.0,7858.0,7810.0,7830.0,70006,171716,0.0
PK0,CZCE,d,2026-01-19 00:00:00,7832.0,7912.0,7832.0,7890.0,91285,169869,0.0
PK0,CZCE,d,2026-01-20 00:00:00,7906.0,7910.0,7884.0,7906.0,54956,163356,0.0
PK0,CZCE,d,2026-01-21 00:00:00,7910.0,7950.0,7894.0,7946.0,63375,154187,0.0
PK0,CZCE,d,2026-01-22 00:00:00,7940.0,7992.0,7940.0,7978.0,80014,149317,0.0
PK0,CZCE,d,2026-01-23 00:00:00,7990.0,8008.0,7976.0,7988.0,91831,155513,0.0
PK0,CZCE,d,2026-01-26 00:00:00,7974.0,8044.0,7974.0,8042.0,79163,161853,0.0
PK0,CZCE,d,2026-01-27 00:00:00,8042.0,8114.0,8034.0,8062.0,94332,169254,0.0
PK0,CZCE,d,2026-01-28 00:00:00,8078.0,8098.0,8066.0,8082.0,48088,164117,0.0
PK0,CZCE,d,2026-01-29 00:00:00,8080.0,8106.0,8072.0,8090.0,42011,158073,0.0
PK0,CZCE,d,2026-01-30 00:00:00,8084.0,8102.0,8050.0,8060.0,66971,144132,0.0
PK0,CZCE,d,2026-02-02 00:00:00,8060.0,8060.0,8024.0,8030.0,36398,138273,0.0
PK0,CZCE,d,2026-02-03 00:00:00,8048.0,8056.0,8006.0,8030.0,39963,124705,0.0
PK0,CZCE,d,2026-02-04 00:00:00,8018.0,8066.0,8016.0,8030.0,38202,117582,0.0
PK0,CZCE,d,2026-02-05 00:00:00,8036.0,8084.0,8020.0,8040.0,43056,103464,0.0
PK0,CZCE,d,2026-02-06 00:00:00,7904.0,7924.0,7874.0,7918.0,23880,117848,0.0
PK0,CZCE,d,2026-02-09 00:00:00,7918.0,7952.0,7916.0,7942.0,36766,126980,0.0
PK0,CZCE,d,2026-02-10 00:00:00,7942.0,7972.0,7932.0,7946.0,44558,136107,0.0
PK0,CZCE,d,2026-02-11 00:00:00,7938.0,8008.0,7938.0,7970.0,84832,162865,0.0
PK0,CZCE,d,2026-02-12 00:00:00,7960.0,7976.0,7938.0,7946.0,42791,162482,0.0
PK0,CZCE,d,2026-02-13 00:00:00,7944.0,7966.0,7880.0,7924.0,62470,153314,0.0
PK0,CZCE,d,2026-02-24 00:00:00,7946.0,7982.0,7904.0,7934.0,47119,157775,0.0
PK0,CZCE,d,2026-02-25 00:00:00,7934.0,7944.0,7910.0,7928.0,47031,163891,0.0
PK0,CZCE,d,2026-02-26 00:00:00,7940.0,7942.0,7896.0,7902.0,49787,159396,0.0
PK0,CZCE,d,2026-02-27 00:00:00,7896.0,7906.0,7860.0,7890.0,66907,158344,0.0
PK0,CZCE,d,2026-03-02 00:00:00,7900.0,7948.0,7900.0,7934.0,64140,162082,0.0
PK0,CZCE,d,2026-03-03 00:00:00,7922.0,7932.0,7888.0,7908.0,49935,158815,0.0
PK0,CZCE,d,2026-03-04 00:00:00,7914.0,7922.0,7864.0,7878.0,59649,161181,0.0
PK0,CZCE,d,2026-03-05 00:00:00,7870.0,7918.0,7854.0,7896.0,60994,166503,0.0
PK0,CZCE,d,2026-03-06 00:00:00,7900.0,7916.0,7882.0,7906.0,52496,174153,0.0
PK0,CZCE,d,2026-03-09 00:00:00,7958.0,8198.0,7958.0,8044.0,246222,176221,0.0
PK0,CZCE,d,2026-03-10 00:00:00,8000.0,8000.0,7920.0,7988.0,92722,167778,0.0
PK0,CZCE,d,2026-03-11 00:00:00,8010.0,8046.0,7980.0,8034.0,59377,171713,0.0
PK0,CZCE,d,2026-03-12 00:00:00,8054.0,8114.0,8054.0,8094.0,73347,175362,0.0
PK0,CZCE,d,2026-03-13 00:00:00,8120.0,8190.0,8116.0,8186.0,78452,185436,0.0
PK0,CZCE,d,2026-03-16 00:00:00,8170.0,8250.0,8156.0,8216.0,88592,189534,0.0
PK0,CZCE,d,2026-03-17 00:00:00,8184.0,8244.0,8138.0,8224.0,58648,192539,0.0
PK0,CZCE,d,2026-03-18 00:00:00,8246.0,8248.0,8162.0,8170.0,49677,191025,0.0
PK0,CZCE,d,2026-03-19 00:00:00,8190.0,8224.0,8180.0,8188.0,38828,189759,0.0
PK0,CZCE,d,2026-03-20 00:00:00,8170.0,8194.0,8164.0,8188.0,28220,188551,0.0
PK0,CZCE,d,2026-03-23 00:00:00,8216.0,8268.0,8208.0,8238.0,60363,188512,0.0
PK0,CZCE,d,2026-03-24 00:00:00,8202.0,8230.0,8190.0,8214.0,43033,183708,0.0
PK0,CZCE,d,2026-03-25 00:00:00,8200.0,8216.0,8170.0,8182.0,50240,185589,0.0
PK0,CZCE,d,2026-03-26 00:00:00,8190.0,8338.0,8188.0,8258.0,120074,188494,0.0
PK0,CZCE,d,2026-03-27 00:00:00,8230.0,8248.0,8102.0,8122.0,97480,159715,0.0
PK0,CZCE,d,2026-03-30 00:00:00,8100.0,8142.0,8054.0,8120.0,80988,135959,0.0
PK0,CZCE,d,2026-03-31 00:00:00,8138.0,8138.0,8074.0,8086.0,51197,123409,0.0
PK0,CZCE,d,2026-04-01 00:00:00,8086.0,8100.0,8000.0,8012.0,59944,112201,0.0
PK0,CZCE,d,2026-04-02 00:00:00,8000.0,8070.0,7992.0,8062.0,47033,107584,0.0
PK0,CZCE,d,2026-04-03 00:00:00,8050.0,8106.0,8030.0,8098.0,48541,97708,0.0
PK0,CZCE,d,2026-04-07 00:00:00,8120.0,8122.0,8052.0,8078.0,38456,95817,0.0
PK0,CZCE,d,2026-04-08 00:00:00,8050.0,8128.0,8034.0,8110.0,57621,88034,0.0
PK0,CZCE,d,2026-04-09 00:00:00,8356.0,8400.0,8336.0,8378.0,45948,109750,0.0
PK0,CZCE,d,2026-04-10 00:00:00,8402.0,8444.0,8382.0,8412.0,66444,134014,0.0
PK0,CZCE,d,2026-04-13 00:00:00,8416.0,8416.0,8334.0,8352.0,71764,145249,0.0
PK0,CZCE,d,2026-04-14 00:00:00,8324.0,8388.0,8294.0,8352.0,68649,159175,0.0
PK0,CZCE,d,2026-04-15 00:00:00,8338.0,8350.0,8312.0,8338.0,39696,160900,0.0
PK0,CZCE,d,2026-04-16 00:00:00,8330.0,8358.0,8318.0,8344.0,38081,166435,0.0
PK0,CZCE,d,2026-04-17 00:00:00,8348.0,8374.0,8318.0,8352.0,53619,167615,0.0
PK0,CZCE,d,2026-04-20 00:00:00,8352.0,8372.0,8320.0,8328.0,41886,168797,0.0
PK0,CZCE,d,2026-04-21 00:00:00,8320.0,8394.0,8320.0,8378.0,75595,171187,0.0
PK0,CZCE,d,2026-04-22 00:00:00,8390.0,8478.0,8368.0,8450.0,117557,192135,0.0
PK0,CZCE,d,2026-04-23 00:00:00,8444.0,8480.0,8412.0,8438.0,90240,200164,0.0
PK0,CZCE,d,2026-04-24 00:00:00,8442.0,8454.0,8378.0,8422.0,77445,202067,0.0
PK0,CZCE,d,2026-04-27 00:00:00,8410.0,8422.0,8388.0,8414.0,56687,207487,0.0
PK0,CZCE,d,2026-04-28 00:00:00,8412.0,8438.0,8396.0,8422.0,66130,209403,0.0
PK0,CZCE,d,2026-04-29 00:00:00,8406.0,8424.0,8388.0,8400.0,50238,202987,0.0
PK0,CZCE,d,2026-04-30 00:00:00,8416.0,8458.0,8402.0,8432.0,83236,209397,0.0
PK0,CZCE,d,2026-05-06 00:00:00,8450.0,8468.0,8300.0,8364.0,122267,203902,0.0
PK0,CZCE,d,2026-05-07 00:00:00,8342.0,8364.0,8314.0,8332.0,96677,207457,0.0
PK0,CZCE,d,2026-05-08 00:00:00,8322.0,8346.0,8282.0,8288.0,102220,203367,0.0
PK0,CZCE,d,2026-05-11 00:00:00,8304.0,8332.0,8256.0,8260.0,119018,216635,0.0
PK0,CZCE,d,2026-05-12 00:00:00,8256.0,8290.0,8244.0,8256.0,68162,225251,0.0
PK0,CZCE,d,2026-05-13 00:00:00,8250.0,8270.0,8214.0,8232.0,82262,235795,0.0
PK0,CZCE,d,2026-05-14 00:00:00,8238.0,8238.0,8196.0,8214.0,69346,242852,0.0
PK0,CZCE,d,2026-05-15 00:00:00,8210.0,8222.0,8174.0,8212.0,81742,249076,0.0
PK0,CZCE,d,2026-05-18 00:00:00,8204.0,8230.0,8198.0,8212.0,60965,248101,0.0
PK0,CZCE,d,2026-05-19 00:00:00,8196.0,8224.0,8124.0,8204.0,148493,260168,0.0
PK0,CZCE,d,2026-05-20 00:00:00,8218.0,8236.0,8192.0,8194.0,73833,263820,0.0
PK0,CZCE,d,2026-05-21 00:00:00,8190.0,8200.0,8138.0,8146.0,73335,263585,0.0
PK0,CZCE,d,2026-05-22 00:00:00,8136.0,8162.0,8126.0,8140.0,70113,271174,0.0
PK0,CZCE,d,2026-05-25 00:00:00,8132.0,8192.0,8100.0,8182.0,94357,274581,0.0
PK0,CZCE,d,2026-05-26 00:00:00,8186.0,8206.0,8150.0,8158.0,69073,272147,0.0
PK0,CZCE,d,2026-05-27 00:00:00,8144.0,8194.0,8144.0,8176.0,72371,268497,0.0
PK0,CZCE,d,2026-05-28 00:00:00,8162.0,8196.0,8156.0,8180.0,77036,251858,0.0
PK0,CZCE,d,2026-05-29 00:00:00,8158.0,8180.0,8132.0,8138.0,84854,248481,0.0
