datetime,symbol,exchange,vt_symbol,close,position,setup_type,entry_price,stop_price,highest_since_entry,realized_pnl,unrealized_pnl,equity,month_return,month_return_pct,month_stop_trading,daily_return,daily_return_pct
2021-02-24,BC0,INE,BC0.INE,60560.0,0,,,,,0.0,0.0,1000000.0,0.0,0.00%,0,0.0,0.00%
2021-02-25,BC0,INE,BC0.INE,62730.0,0,,,,,0.0,0.0,1000000.0,0.0,0.00%,0,0.0,0.00%
2021-02-26,BC0,INE,BC0.INE,60720.0,1,NORMAL_SETUP,62690.0,60609.64,62980.0,0.0,-1970.0,998030.0,-0.00197,-0.20%,0,-0.0019700000000000273,-0.20%
2021-03-01,BC0,INE,BC0.INE,60140.0,0,,,,,-2690.0,0.0,997310.0,-0.0007214211997635341,-0.07%,0,-0.0007214211997634834,-0.07%
2021-03-02,BC0,INE,BC0.INE,59530.0,0,,,,,-2690.0,0.0,997310.0,-0.0007214211997635341,-0.07%,0,0.0,0.00%
2021-03-03,BC0,INE,BC0.INE,60460.0,0,,,,,-2690.0,0.0,997310.0,-0.0007214211997635341,-0.07%,0,0.0,0.00%
2021-03-04,BC0,INE,BC0.INE,59240.0,0,,,,,-2690.0,0.0,997310.0,-0.0007214211997635341,-0.07%,0,0.0,0.00%
2021-03-05,BC0,INE,BC0.INE,58530.0,0,,,,,-2690.0,0.0,997310.0,-0.0007214211997635341,-0.07%,0,0.0,0.00%
2021-03-08,BC0,INE,BC0.INE,58470.0,0,,,,,-2690.0,0.0,997310.0,-0.0007214211997635341,-0.07%,0,0.0,0.00%
2021-03-09,BC0,INE,BC0.INE,58850.0,0,,,,,-2690.0,0.0,997310.0,-0.0007214211997635341,-0.07%,0,0.0,0.00%
2021-03-10,BC0,INE,BC0.INE,58090.0,0,,,,,-2690.0,0.0,997310.0,-0.0007214211997635341,-0.07%,0,0.0,0.00%
2021-03-11,BC0,INE,BC0.INE,59860.0,0,,,,,-2690.0,0.0,997310.0,-0.0007214211997635341,-0.07%,0,0.0,0.00%
2021-03-12,BC0,INE,BC0.INE,59510.0,0,,,,,-2690.0,0.0,997310.0,-0.0007214211997635341,-0.07%,0,0.0,0.00%
2021-03-15,BC0,INE,BC0.INE,60040.0,0,,,,,-2690.0,0.0,997310.0,-0.0007214211997635341,-0.07%,0,0.0,0.00%
2021-03-16,BC0,INE,BC0.INE,59380.0,0,,,,,-2690.0,0.0,997310.0,-0.0007214211997635341,-0.07%,0,0.0,0.00%
2021-03-17,BC0,INE,BC0.INE,59520.0,0,,,,,-2690.0,0.0,997310.0,-0.0007214211997635341,-0.07%,0,0.0,0.00%
2021-03-18,BC0,INE,BC0.INE,59500.0,0,,,,,-2690.0,0.0,997310.0,-0.0007214211997635341,-0.07%,0,0.0,0.00%
2021-03-19,BC0,INE,BC0.INE,58650.0,0,,,,,-2690.0,0.0,997310.0,-0.0007214211997635341,-0.07%,0,0.0,0.00%
2021-03-22,BC0,INE,BC0.INE,59410.0,0,,,,,-2690.0,0.0,997310.0,-0.0007214211997635341,-0.07%,0,0.0,0.00%
2021-03-23,BC0,INE,BC0.INE,59560.0,0,,,,,-2690.0,0.0,997310.0,-0.0007214211997635341,-0.07%,0,0.0,0.00%
2021-03-24,BC0,INE,BC0.INE,59030.0,0,,,,,-2690.0,0.0,997310.0,-0.0007214211997635341,-0.07%,0,0.0,0.00%
2021-03-25,BC0,INE,BC0.INE,58160.0,0,,,,,-2690.0,0.0,997310.0,-0.0007214211997635341,-0.07%,0,0.0,0.00%
2021-03-26,BC0,INE,BC0.INE,58710.0,0,,,,,-2690.0,0.0,997310.0,-0.0007214211997635341,-0.07%,0,0.0,0.00%
2021-03-29,BC0,INE,BC0.INE,58880.0,0,,,,,-2690.0,0.0,997310.0,-0.0007214211997635341,-0.07%,0,0.0,0.00%
2021-03-30,BC0,INE,BC0.INE,58450.0,0,,,,,-2690.0,0.0,997310.0,-0.0007214211997635341,-0.07%,0,0.0,0.00%
2021-03-31,BC0,INE,BC0.INE,58200.0,0,,,,,-2690.0,0.0,997310.0,-0.0007214211997635341,-0.07%,0,0.0,0.00%
2021-04-01,BC0,INE,BC0.INE,57690.0,0,,,,,-2690.0,0.0,997310.0,0.0,0.00%,0,0.0,0.00%
2021-04-02,BC0,INE,BC0.INE,59600.0,0,,,,,-2690.0,0.0,997310.0,0.0,0.00%,0,0.0,0.00%
2021-04-06,BC0,INE,BC0.INE,59500.0,0,,,,,-2690.0,0.0,997310.0,0.0,0.00%,0,0.0,0.00%
2021-04-07,BC0,INE,BC0.INE,59510.0,0,,,,,-2690.0,0.0,997310.0,0.0,0.00%,0,0.0,0.00%
2021-04-08,BC0,INE,BC0.INE,59490.0,0,,,,,-2690.0,0.0,997310.0,0.0,0.00%,0,0.0,0.00%
2021-04-09,BC0,INE,BC0.INE,59390.0,0,,,,,-2690.0,0.0,997310.0,0.0,0.00%,0,0.0,0.00%
2021-04-12,BC0,INE,BC0.INE,58440.0,0,,,,,-2690.0,0.0,997310.0,0.0,0.00%,0,0.0,0.00%
2021-04-13,BC0,INE,BC0.INE,58640.0,0,,,,,-2690.0,0.0,997310.0,0.0,0.00%,0,0.0,0.00%
2021-04-14,BC0,INE,BC0.INE,58990.0,0,,,,,-2690.0,0.0,997310.0,0.0,0.00%,0,0.0,0.00%
2021-04-15,BC0,INE,BC0.INE,60640.0,0,,,,,-2690.0,0.0,997310.0,0.0,0.00%,0,0.0,0.00%
2021-04-16,BC0,INE,BC0.INE,61080.0,0,,,,,-2690.0,0.0,997310.0,0.0,0.00%,0,0.0,0.00%
2021-04-19,BC0,INE,BC0.INE,62090.0,0,,,,,-2690.0,0.0,997310.0,0.0,0.00%,0,0.0,0.00%
2021-04-20,BC0,INE,BC0.INE,61820.0,1,NORMAL_SETUP,62090.0,60489.29,62150.0,-2690.0,-270.0,997040.0,-0.00027072825901675507,-0.03%,0,-0.00027072825901675035,-0.03%
2021-04-21,BC0,INE,BC0.INE,61170.0,1,NORMAL_SETUP,62090.0,60489.29,62150.0,-2690.0,-920.0,996390.0,-0.0009224814751682025,-0.09%,0,-0.0006519297119473855,-0.07%
2021-04-22,BC0,INE,BC0.INE,61570.0,1,NORMAL_SETUP,62090.0,60489.29,62150.0,-2690.0,-520.0,996790.0,-0.0005214025729211579,-0.05%,0,0.00040144923172658054,0.04%
2021-04-23,BC0,INE,BC0.INE,61890.0,1,NORMAL_SETUP,62090.0,60489.29,62160.0,-2690.0,-200.0,997110.0,-0.00020053945112352229,-0.02%,0,0.00032103050793041987,0.03%
2021-04-26,BC0,INE,BC0.INE,63290.0,1,NORMAL_SETUP,62090.0,62090.0,64730.0,-2690.0,1200.0,998510.0,0.0012032367067411336,0.12%,0,0.0014040577268306098,0.14%
2021-04-27,BC0,INE,BC0.INE,64600.0,1,NORMAL_SETUP,62090.0,62242.86,64960.0,-2690.0,2510.0,999820.0,0.0025167701116002045,0.25%,0,0.0013119548126709901,0.13%
2021-04-28,BC0,INE,BC0.INE,63630.0,0,,,,,-300.0,0.0,999700.0,0.002396446440926091,0.24%,0,-0.00012002160388868699,-0.01%
2021-04-29,BC0,INE,BC0.INE,64620.0,0,,,,,-300.0,0.0,999700.0,0.002396446440926091,0.24%,0,0.0,0.00%
2021-04-30,BC0,INE,BC0.INE,64160.0,0,,,,,-300.0,0.0,999700.0,0.002396446440926091,0.24%,0,0.0,0.00%
2021-05-06,BC0,INE,BC0.INE,65310.0,0,,,,,-300.0,0.0,999700.0,0.0,0.00%,0,0.0,0.00%
2021-05-07,BC0,INE,BC0.INE,66720.0,0,,,,,-300.0,0.0,999700.0,0.0,0.00%,0,0.0,0.00%
2021-05-10,BC0,INE,BC0.INE,69400.0,0,,,,,-300.0,0.0,999700.0,0.0,0.00%,0,0.0,0.00%
2021-05-11,BC0,INE,BC0.INE,67800.0,0,,,,,-3862.86,0.0,996137.14,-0.0035639263207533855,-0.36%,0,-0.0035639291787535887,-0.36%
2021-05-12,BC0,INE,BC0.INE,68810.0,0,,,,,-3862.86,0.0,996137.14,-0.0035639263207533855,-0.36%,0,0.0,0.00%
2021-05-13,BC0,INE,BC0.INE,67900.0,0,,,,,-3862.86,0.0,996137.14,-0.0035639263207533855,-0.36%,0,0.0,0.00%
2021-05-14,BC0,INE,BC0.INE,66560.0,0,,,,,-3862.86,0.0,996137.14,-0.0035639263207533855,-0.36%,0,0.0,0.00%
2021-05-17,BC0,INE,BC0.INE,66810.0,0,,,,,-3862.86,0.0,996137.14,-0.0035639263207533855,-0.36%,0,0.0,0.00%
2021-05-18,BC0,INE,BC0.INE,67990.0,0,,,,,-3862.86,0.0,996137.14,-0.0035639263207533855,-0.36%,0,0.0,0.00%
2021-05-19,BC0,INE,BC0.INE,66220.0,0,,,,,-3862.86,0.0,996137.14,-0.0035639263207533855,-0.36%,0,0.0,0.00%
2021-05-20,BC0,INE,BC0.INE,65630.0,0,,,,,-3862.86,0.0,996137.14,-0.0035639263207533855,-0.36%,0,0.0,0.00%
2021-05-21,BC0,INE,BC0.INE,64190.0,0,,,,,-3862.86,0.0,996137.14,-0.0035639263207533855,-0.36%,0,0.0,0.00%
2021-05-24,BC0,INE,BC0.INE,63720.0,0,,,,,-3862.86,0.0,996137.14,-0.0035639263207533855,-0.36%,0,0.0,0.00%
2021-05-25,BC0,INE,BC0.INE,64350.0,0,,,,,-3862.86,0.0,996137.14,-0.0035639263207533855,-0.36%,0,0.0,0.00%
2021-05-26,BC0,INE,BC0.INE,63940.0,0,,,,,-3862.86,0.0,996137.14,-0.0035639263207533855,-0.36%,0,0.0,0.00%
2021-05-27,BC0,INE,BC0.INE,64040.0,0,,,,,-3862.86,0.0,996137.14,-0.0035639263207533855,-0.36%,0,0.0,0.00%
2021-05-28,BC0,INE,BC0.INE,65310.0,0,,,,,-3862.86,0.0,996137.14,-0.0035639263207533855,-0.36%,0,0.0,0.00%
2021-05-31,BC0,INE,BC0.INE,65830.0,0,,,,,-3862.86,0.0,996137.14,-0.0035639263207533855,-0.36%,0,0.0,0.00%
2021-06-01,BC0,INE,BC0.INE,65980.0,0,,,,,-3862.86,0.0,996137.14,2.868222367998706e-09,0.00%,0,0.0,0.00%
2021-06-02,BC0,INE,BC0.INE,65530.0,0,,,,,-3862.86,0.0,996137.14,2.868222367998706e-09,0.00%,0,0.0,0.00%
2021-06-03,BC0,INE,BC0.INE,64960.0,0,,,,,-3862.86,0.0,996137.14,2.868222367998706e-09,0.00%,0,0.0,0.00%
2021-06-04,BC0,INE,BC0.INE,63180.0,0,,,,,-3862.86,0.0,996137.14,2.868222367998706e-09,0.00%,0,0.0,0.00%
2021-06-07,BC0,INE,BC0.INE,63630.0,0,,,,,-3862.86,0.0,996137.14,2.868222367998706e-09,0.00%,0,0.0,0.00%
2021-06-08,BC0,INE,BC0.INE,63690.0,0,,,,,-3862.86,0.0,996137.14,2.868222367998706e-09,0.00%,0,0.0,0.00%
2021-06-09,BC0,INE,BC0.INE,63880.0,0,,,,,-3862.86,0.0,996137.14,2.868222367998706e-09,0.00%,0,0.0,0.00%
2021-06-10,BC0,INE,BC0.INE,63630.0,0,,,,,-3862.86,0.0,996137.14,2.868222367998706e-09,0.00%,0,0.0,0.00%
2021-06-11,BC0,INE,BC0.INE,64000.0,0,,,,,-3862.86,0.0,996137.14,2.868222367998706e-09,0.00%,0,0.0,0.00%
2021-06-15,BC0,INE,BC0.INE,62610.0,0,,,,,-3862.86,0.0,996137.14,2.868222367998706e-09,0.00%,0,0.0,0.00%
2021-06-16,BC0,INE,BC0.INE,61010.0,0,,,,,-3862.86,0.0,996137.14,2.868222367998706e-09,0.00%,0,0.0,0.00%
2021-06-17,BC0,INE,BC0.INE,61320.0,0,,,,,-3862.86,0.0,996137.14,2.868222367998706e-09,0.00%,0,0.0,0.00%
2021-06-18,BC0,INE,BC0.INE,59910.0,0,,,,,-3862.86,0.0,996137.14,2.868222367998706e-09,0.00%,0,0.0,0.00%
2021-06-21,BC0,INE,BC0.INE,59070.0,0,,,,,-3862.86,0.0,996137.14,2.868222367998706e-09,0.00%,0,0.0,0.00%
2021-06-22,BC0,INE,BC0.INE,59940.0,0,,,,,-3862.86,0.0,996137.14,2.868222367998706e-09,0.00%,0,0.0,0.00%
2021-06-23,BC0,INE,BC0.INE,60990.0,0,,,,,-3862.86,0.0,996137.14,2.868222367998706e-09,0.00%,0,0.0,0.00%
2021-06-24,BC0,INE,BC0.INE,60920.0,0,,,,,-3862.86,0.0,996137.14,2.868222367998706e-09,0.00%,0,0.0,0.00%
2021-06-25,BC0,INE,BC0.INE,61190.0,0,,,,,-3862.86,0.0,996137.14,2.868222367998706e-09,0.00%,0,0.0,0.00%
2021-06-28,BC0,INE,BC0.INE,61100.0,0,,,,,-3862.86,0.0,996137.14,2.868222367998706e-09,0.00%,0,0.0,0.00%
2021-06-29,BC0,INE,BC0.INE,60650.0,0,,,,,-3862.86,0.0,996137.14,2.868222367998706e-09,0.00%,0,0.0,0.00%
2021-06-30,BC0,INE,BC0.INE,60890.0,0,,,,,-3862.86,0.0,996137.14,2.868222367998706e-09,0.00%,0,0.0,0.00%
2021-07-01,BC0,INE,BC0.INE,60800.0,0,,,,,-3862.86,0.0,996137.14,2.868222367998706e-09,0.00%,0,0.0,0.00%
2021-07-02,BC0,INE,BC0.INE,60830.0,0,,,,,-3862.86,0.0,996137.14,2.868222367998706e-09,0.00%,0,0.0,0.00%
2021-07-05,BC0,INE,BC0.INE,62050.0,0,,,,,-3862.86,0.0,996137.14,2.868222367998706e-09,0.00%,0,0.0,0.00%
2021-07-06,BC0,INE,BC0.INE,62480.0,0,,,,,-3862.86,0.0,996137.14,2.868222367998706e-09,0.00%,0,0.0,0.00%
2021-07-07,BC0,INE,BC0.INE,61610.0,0,,,,,-3862.86,0.0,996137.14,2.868222367998706e-09,0.00%,0,0.0,0.00%
2021-07-08,BC0,INE,BC0.INE,61320.0,0,,,,,-3862.86,0.0,996137.14,2.868222367998706e-09,0.00%,0,0.0,0.00%
2021-07-09,BC0,INE,BC0.INE,61420.0,0,,,,,-3862.86,0.0,996137.14,2.868222367998706e-09,0.00%,0,0.0,0.00%
2021-07-12,BC0,INE,BC0.INE,61570.0,0,,,,,-3862.86,0.0,996137.14,2.868222367998706e-09,0.00%,0,0.0,0.00%
2021-07-13,BC0,INE,BC0.INE,61730.0,0,,,,,-3862.86,0.0,996137.14,2.868222367998706e-09,0.00%,0,0.0,0.00%
2021-07-14,BC0,INE,BC0.INE,61340.0,0,,,,,-3862.86,0.0,996137.14,2.868222367998706e-09,0.00%,0,0.0,0.00%
2021-07-15,BC0,INE,BC0.INE,61320.0,0,,,,,-3862.86,0.0,996137.14,2.868222367998706e-09,0.00%,0,0.0,0.00%
2021-07-16,BC0,INE,BC0.INE,61790.0,0,,,,,-3862.86,0.0,996137.14,2.868222367998706e-09,0.00%,0,0.0,0.00%
2021-07-19,BC0,INE,BC0.INE,61230.0,0,,,,,-3862.86,0.0,996137.14,2.868222367998706e-09,0.00%,0,0.0,0.00%
2021-07-20,BC0,INE,BC0.INE,60640.0,0,,,,,-3862.86,0.0,996137.14,2.868222367998706e-09,0.00%,0,0.0,0.00%
2021-07-21,BC0,INE,BC0.INE,60470.0,0,,,,,-3862.86,0.0,996137.14,2.868222367998706e-09,0.00%,0,0.0,0.00%
2021-07-22,BC0,INE,BC0.INE,61450.0,0,,,,,-3862.86,0.0,996137.14,2.868222367998706e-09,0.00%,0,0.0,0.00%
2021-07-23,BC0,INE,BC0.INE,62120.0,0,,,,,-3862.86,0.0,996137.14,2.868222367998706e-09,0.00%,0,0.0,0.00%
2021-07-26,BC0,INE,BC0.INE,63150.0,0,,,,,-3862.86,0.0,996137.14,2.868222367998706e-09,0.00%,0,0.0,0.00%
2021-07-27,BC0,INE,BC0.INE,64290.0,0,,,,,-3862.86,0.0,996137.14,2.868222367998706e-09,0.00%,0,0.0,0.00%
2021-07-28,BC0,INE,BC0.INE,64250.0,0,,,,,-3862.86,0.0,996137.14,2.868222367998706e-09,0.00%,0,0.0,0.00%
2021-07-29,BC0,INE,BC0.INE,63800.0,0,,,,,-3862.86,0.0,996137.14,2.868222367998706e-09,0.00%,0,0.0,0.00%
2021-07-30,BC0,INE,BC0.INE,63980.0,0,,,,,-3862.86,0.0,996137.14,2.868222367998706e-09,0.00%,0,0.0,0.00%
2021-08-02,BC0,INE,BC0.INE,63890.0,0,,,,,-3862.86,0.0,996137.14,2.868222367998706e-09,0.00%,0,0.0,0.00%
2021-08-03,BC0,INE,BC0.INE,62810.0,0,,,,,-3862.86,0.0,996137.14,2.868222367998706e-09,0.00%,0,0.0,0.00%
2021-08-04,BC0,INE,BC0.INE,62560.0,0,,,,,-3862.86,0.0,996137.14,2.868222367998706e-09,0.00%,0,0.0,0.00%
2021-08-05,BC0,INE,BC0.INE,61720.0,0,,,,,-3862.86,0.0,996137.14,2.868222367998706e-09,0.00%,0,0.0,0.00%
2021-08-06,BC0,INE,BC0.INE,62720.0,0,,,,,-3862.86,0.0,996137.14,2.868222367998706e-09,0.00%,0,0.0,0.00%
2021-08-09,BC0,INE,BC0.INE,61850.0,0,,,,,-3862.86,0.0,996137.14,2.868222367998706e-09,0.00%,0,0.0,0.00%
2021-08-10,BC0,INE,BC0.INE,61890.0,0,,,,,-3862.86,0.0,996137.14,2.868222367998706e-09,0.00%,0,0.0,0.00%
2021-08-11,BC0,INE,BC0.INE,62120.0,0,,,,,-3862.86,0.0,996137.14,2.868222367998706e-09,0.00%,0,0.0,0.00%
2021-08-12,BC0,INE,BC0.INE,62750.0,0,,,,,-3862.86,0.0,996137.14,2.868222367998706e-09,0.00%,0,0.0,0.00%
2021-08-13,BC0,INE,BC0.INE,62270.0,0,,,,,-3862.86,0.0,996137.14,2.868222367998706e-09,0.00%,0,0.0,0.00%
2021-08-16,BC0,INE,BC0.INE,61930.0,0,,,,,-3862.86,0.0,996137.14,2.868222367998706e-09,0.00%,0,0.0,0.00%
2021-08-17,BC0,INE,BC0.INE,61920.0,0,,,,,-3862.86,0.0,996137.14,2.868222367998706e-09,0.00%,0,0.0,0.00%
2021-08-18,BC0,INE,BC0.INE,60950.0,0,,,,,-3862.86,0.0,996137.14,2.868222367998706e-09,0.00%,0,0.0,0.00%
2021-08-19,BC0,INE,BC0.INE,59020.0,0,,,,,-3862.86,0.0,996137.14,2.868222367998706e-09,0.00%,0,0.0,0.00%
2021-08-20,BC0,INE,BC0.INE,59290.0,0,,,,,-3862.86,0.0,996137.14,2.868222367998706e-09,0.00%,0,0.0,0.00%
2021-08-23,BC0,INE,BC0.INE,59850.0,0,,,,,-3862.86,0.0,996137.14,2.868222367998706e-09,0.00%,0,0.0,0.00%
2021-08-24,BC0,INE,BC0.INE,60650.0,0,,,,,-3862.86,0.0,996137.14,2.868222367998706e-09,0.00%,0,0.0,0.00%
2021-08-25,BC0,INE,BC0.INE,61270.0,0,,,,,-3862.86,0.0,996137.14,2.868222367998706e-09,0.00%,0,0.0,0.00%
2021-08-26,BC0,INE,BC0.INE,60940.0,0,,,,,-3862.86,0.0,996137.14,2.868222367998706e-09,0.00%,0,0.0,0.00%
2021-08-27,BC0,INE,BC0.INE,61380.0,0,,,,,-3862.86,0.0,996137.14,2.868222367998706e-09,0.00%,0,0.0,0.00%
2021-08-30,BC0,INE,BC0.INE,62370.0,0,,,,,-3862.86,0.0,996137.14,2.868222367998706e-09,0.00%,0,0.0,0.00%
2021-08-31,BC0,INE,BC0.INE,62360.0,0,,,,,-3862.86,0.0,996137.14,2.868222367998706e-09,0.00%,0,0.0,0.00%
2021-09-01,BC0,INE,BC0.INE,61370.0,0,,,,,-3862.86,0.0,996137.14,2.868222367998706e-09,0.00%,0,0.0,0.00%
2021-09-02,BC0,INE,BC0.INE,61380.0,0,,,,,-3862.86,0.0,996137.14,2.868222367998706e-09,0.00%,0,0.0,0.00%
2021-09-03,BC0,INE,BC0.INE,61500.0,0,,,,,-3862.86,0.0,996137.14,2.868222367998706e-09,0.00%,0,0.0,0.00%
2021-09-06,BC0,INE,BC0.INE,61760.0,0,,,,,-3862.86,0.0,996137.14,2.868222367998706e-09,0.00%,0,0.0,0.00%
2021-09-07,BC0,INE,BC0.INE,61500.0,0,,,,,-3862.86,0.0,996137.14,2.868222367998706e-09,0.00%,0,0.0,0.00%
2021-09-08,BC0,INE,BC0.INE,61010.0,0,,,,,-3862.86,0.0,996137.14,2.868222367998706e-09,0.00%,0,0.0,0.00%
2021-09-09,BC0,INE,BC0.INE,61430.0,0,,,,,-3862.86,0.0,996137.14,2.868222367998706e-09,0.00%,0,0.0,0.00%
2021-09-10,BC0,INE,BC0.INE,62150.0,0,,,,,-3862.86,0.0,996137.14,2.868222367998706e-09,0.00%,0,0.0,0.00%
2021-09-13,BC0,INE,BC0.INE,63670.0,0,,,,,-3862.86,0.0,996137.14,2.868222367998706e-09,0.00%,0,0.0,0.00%
2021-09-14,BC0,INE,BC0.INE,62090.0,0,,,,,-3862.86,0.0,996137.14,2.868222367998706e-09,0.00%,0,0.0,0.00%
2021-09-15,BC0,INE,BC0.INE,61930.0,0,,,,,-3862.86,0.0,996137.14,2.868222367998706e-09,0.00%,0,0.0,0.00%
2021-09-16,BC0,INE,BC0.INE,61900.0,0,,,,,-3862.86,0.0,996137.14,2.868222367998706e-09,0.00%,0,0.0,0.00%
2021-09-17,BC0,INE,BC0.INE,61380.0,0,,,,,-3862.86,0.0,996137.14,2.868222367998706e-09,0.00%,0,0.0,0.00%
2021-09-22,BC0,INE,BC0.INE,60760.0,0,,,,,-3862.86,0.0,996137.14,2.868222367998706e-09,0.00%,0,0.0,0.00%
2021-09-23,BC0,INE,BC0.INE,60580.0,0,,,,,-3862.86,0.0,996137.14,2.868222367998706e-09,0.00%,0,0.0,0.00%
2021-09-24,BC0,INE,BC0.INE,61130.0,0,,,,,-3862.86,0.0,996137.14,2.868222367998706e-09,0.00%,0,0.0,0.00%
2021-09-27,BC0,INE,BC0.INE,61310.0,0,,,,,-3862.86,0.0,996137.14,2.868222367998706e-09,0.00%,0,0.0,0.00%
2021-09-28,BC0,INE,BC0.INE,61350.0,0,,,,,-3862.86,0.0,996137.14,2.868222367998706e-09,0.00%,0,0.0,0.00%
2021-09-29,BC0,INE,BC0.INE,60690.0,0,,,,,-3862.86,0.0,996137.14,2.868222367998706e-09,0.00%,0,0.0,0.00%
2021-09-30,BC0,INE,BC0.INE,60070.0,0,,,,,-3862.86,0.0,996137.14,2.868222367998706e-09,0.00%,0,0.0,0.00%
2021-10-08,BC0,INE,BC0.INE,61000.0,0,,,,,-3862.86,0.0,996137.14,2.868222367998706e-09,0.00%,0,0.0,0.00%
2021-10-11,BC0,INE,BC0.INE,62060.0,0,,,,,-3862.86,0.0,996137.14,2.868222367998706e-09,0.00%,0,0.0,0.00%
2021-10-12,BC0,INE,BC0.INE,61760.0,0,,,,,-3862.86,0.0,996137.14,2.868222367998706e-09,0.00%,0,0.0,0.00%
2021-10-13,BC0,INE,BC0.INE,62240.0,0,,,,,-3862.86,0.0,996137.14,2.868222367998706e-09,0.00%,0,0.0,0.00%
2021-10-14,BC0,INE,BC0.INE,64670.0,0,,,,,-3862.86,0.0,996137.14,2.868222367998706e-09,0.00%,0,0.0,0.00%
2021-10-15,BC0,INE,BC0.INE,66150.0,0,,,,,-3862.86,0.0,996137.14,2.868222367998706e-09,0.00%,0,0.0,0.00%
2021-10-18,BC0,INE,BC0.INE,68200.0,1,NORMAL_SETUP,67280.0,67280.0,71050.0,-3862.86,920.0,997057.14,0.000923570480609554,0.09%,0,0.0009235676123870995,0.09%
2021-10-19,BC0,INE,BC0.INE,67730.0,0,,,,,-3862.86,0.0,996137.14,2.868222367998706e-09,0.00%,0,-0.0009227154223077072,-0.09%
2021-10-20,BC0,INE,BC0.INE,65660.0,0,,,,,-3862.86,0.0,996137.14,2.868222367998706e-09,0.00%,0,0.0,0.00%
2021-10-21,BC0,INE,BC0.INE,65250.0,0,,,,,-3862.86,0.0,996137.14,2.868222367998706e-09,0.00%,0,0.0,0.00%
2021-10-22,BC0,INE,BC0.INE,64900.0,0,,,,,-3862.86,0.0,996137.14,2.868222367998706e-09,0.00%,0,0.0,0.00%
2021-10-25,BC0,INE,BC0.INE,64420.0,0,,,,,-3862.86,0.0,996137.14,2.868222367998706e-09,0.00%,0,0.0,0.00%
2021-10-26,BC0,INE,BC0.INE,64190.0,0,,,,,-3862.86,0.0,996137.14,2.868222367998706e-09,0.00%,0,0.0,0.00%
2021-10-27,BC0,INE,BC0.INE,62720.0,0,,,,,-3862.86,0.0,996137.14,2.868222367998706e-09,0.00%,0,0.0,0.00%
2021-10-28,BC0,INE,BC0.INE,63040.0,0,,,,,-3862.86,0.0,996137.14,2.868222367998706e-09,0.00%,0,0.0,0.00%
2021-10-29,BC0,INE,BC0.INE,62400.0,0,,,,,-3862.86,0.0,996137.14,2.868222367998706e-09,0.00%,0,0.0,0.00%
2021-11-01,BC0,INE,BC0.INE,62140.0,0,,,,,-3862.86,0.0,996137.14,2.868222367998706e-09,0.00%,0,0.0,0.00%
2021-11-02,BC0,INE,BC0.INE,61690.0,0,,,,,-3862.86,0.0,996137.14,2.868222367998706e-09,0.00%,0,0.0,0.00%
2021-11-03,BC0,INE,BC0.INE,63240.0,0,,,,,-3862.86,0.0,996137.14,2.868222367998706e-09,0.00%,0,0.0,0.00%
2021-11-04,BC0,INE,BC0.INE,62090.0,0,,,,,-3862.86,0.0,996137.14,2.868222367998706e-09,0.00%,0,0.0,0.00%
2021-11-05,BC0,INE,BC0.INE,61500.0,0,,,,,-3862.86,0.0,996137.14,2.868222367998706e-09,0.00%,0,0.0,0.00%
2021-11-08,BC0,INE,BC0.INE,61970.0,0,,,,,-3862.86,0.0,996137.14,2.868222367998706e-09,0.00%,0,0.0,0.00%
2021-11-09,BC0,INE,BC0.INE,62420.0,0,,,,,-3862.86,0.0,996137.14,2.868222367998706e-09,0.00%,0,0.0,0.00%
2021-11-10,BC0,INE,BC0.INE,62200.0,0,,,,,-3862.86,0.0,996137.14,2.868222367998706e-09,0.00%,0,0.0,0.00%
2021-11-11,BC0,INE,BC0.INE,62320.0,0,,,,,-3862.86,0.0,996137.14,2.868222367998706e-09,0.00%,0,0.0,0.00%
2021-11-12,BC0,INE,BC0.INE,62440.0,0,,,,,-3862.86,0.0,996137.14,2.868222367998706e-09,0.00%,0,0.0,0.00%
2021-11-15,BC0,INE,BC0.INE,62770.0,0,,,,,-3862.86,0.0,996137.14,2.868222367998706e-09,0.00%,0,0.0,0.00%
2021-11-16,BC0,INE,BC0.INE,62300.0,0,,,,,-3862.86,0.0,996137.14,2.868222367998706e-09,0.00%,0,0.0,0.00%
2021-11-17,BC0,INE,BC0.INE,62050.0,0,,,,,-3862.86,0.0,996137.14,2.868222367998706e-09,0.00%,0,0.0,0.00%
2021-11-18,BC0,INE,BC0.INE,60740.0,0,,,,,-3862.86,0.0,996137.14,2.868222367998706e-09,0.00%,0,0.0,0.00%
2021-11-19,BC0,INE,BC0.INE,62930.0,0,,,,,-3862.86,0.0,996137.14,2.868222367998706e-09,0.00%,0,0.0,0.00%
2021-11-22,BC0,INE,BC0.INE,62500.0,0,,,,,-3862.86,0.0,996137.14,2.868222367998706e-09,0.00%,0,0.0,0.00%
2021-11-23,BC0,INE,BC0.INE,63120.0,0,,,,,-3862.86,0.0,996137.14,2.868222367998706e-09,0.00%,0,0.0,0.00%
2021-11-24,BC0,INE,BC0.INE,63590.0,0,,,,,-3862.86,0.0,996137.14,2.868222367998706e-09,0.00%,0,0.0,0.00%
2021-11-25,BC0,INE,BC0.INE,64400.0,0,,,,,-3862.86,0.0,996137.14,2.868222367998706e-09,0.00%,0,0.0,0.00%
2021-11-26,BC0,INE,BC0.INE,63030.0,0,,,,,-3862.86,0.0,996137.14,2.868222367998706e-09,0.00%,0,0.0,0.00%
2021-11-29,BC0,INE,BC0.INE,62610.0,0,,,,,-3862.86,0.0,996137.14,2.868222367998706e-09,0.00%,0,0.0,0.00%
2021-11-30,BC0,INE,BC0.INE,61740.0,0,,,,,-3862.86,0.0,996137.14,2.868222367998706e-09,0.00%,0,0.0,0.00%
2021-12-01,BC0,INE,BC0.INE,61870.0,0,,,,,-3862.86,0.0,996137.14,2.868222367998706e-09,0.00%,0,0.0,0.00%
2021-12-02,BC0,INE,BC0.INE,60830.0,0,,,,,-3862.86,0.0,996137.14,2.868222367998706e-09,0.00%,0,0.0,0.00%
2021-12-03,BC0,INE,BC0.INE,61620.0,0,,,,,-3862.86,0.0,996137.14,2.868222367998706e-09,0.00%,0,0.0,0.00%
2021-12-06,BC0,INE,BC0.INE,61220.0,0,,,,,-3862.86,0.0,996137.14,2.868222367998706e-09,0.00%,0,0.0,0.00%
2021-12-07,BC0,INE,BC0.INE,61620.0,0,,,,,-3862.86,0.0,996137.14,2.868222367998706e-09,0.00%,0,0.0,0.00%
2021-12-08,BC0,INE,BC0.INE,61680.0,0,,,,,-3862.86,0.0,996137.14,2.868222367998706e-09,0.00%,0,0.0,0.00%
2021-12-09,BC0,INE,BC0.INE,61830.0,0,,,,,-3862.86,0.0,996137.14,2.868222367998706e-09,0.00%,0,0.0,0.00%
2021-12-10,BC0,INE,BC0.INE,61650.0,0,,,,,-3862.86,0.0,996137.14,2.868222367998706e-09,0.00%,0,0.0,0.00%
2021-12-13,BC0,INE,BC0.INE,61720.0,0,,,,,-3862.86,0.0,996137.14,2.868222367998706e-09,0.00%,0,0.0,0.00%
2021-12-14,BC0,INE,BC0.INE,61020.0,0,,,,,-3862.86,0.0,996137.14,2.868222367998706e-09,0.00%,0,0.0,0.00%
2021-12-15,BC0,INE,BC0.INE,60180.0,0,,,,,-3862.86,0.0,996137.14,2.868222367998706e-09,0.00%,0,0.0,0.00%
2021-12-16,BC0,INE,BC0.INE,60650.0,0,,,,,-3862.86,0.0,996137.14,2.868222367998706e-09,0.00%,0,0.0,0.00%
2021-12-17,BC0,INE,BC0.INE,61500.0,0,,,,,-3862.86,0.0,996137.14,2.868222367998706e-09,0.00%,0,0.0,0.00%
2021-12-20,BC0,INE,BC0.INE,60820.0,0,,,,,-3862.86,0.0,996137.14,2.868222367998706e-09,0.00%,0,0.0,0.00%
2021-12-21,BC0,INE,BC0.INE,61470.0,0,,,,,-3862.86,0.0,996137.14,2.868222367998706e-09,0.00%,0,0.0,0.00%
2021-12-22,BC0,INE,BC0.INE,62040.0,0,,,,,-3862.86,0.0,996137.14,2.868222367998706e-09,0.00%,0,0.0,0.00%
2021-12-23,BC0,INE,BC0.INE,62460.0,0,,,,,-3862.86,0.0,996137.14,2.868222367998706e-09,0.00%,0,0.0,0.00%
2021-12-24,BC0,INE,BC0.INE,62060.0,0,,,,,-3862.86,0.0,996137.14,2.868222367998706e-09,0.00%,0,0.0,0.00%
2021-12-27,BC0,INE,BC0.INE,61910.0,0,,,,,-3862.86,0.0,996137.14,2.868222367998706e-09,0.00%,0,0.0,0.00%
2021-12-28,BC0,INE,BC0.INE,62970.0,0,,,,,-3862.86,0.0,996137.14,2.868222367998706e-09,0.00%,0,0.0,0.00%
2021-12-29,BC0,INE,BC0.INE,62640.0,0,,,,,-3862.86,0.0,996137.14,2.868222367998706e-09,0.00%,0,0.0,0.00%
2021-12-30,BC0,INE,BC0.INE,62530.0,0,,,,,-3862.86,0.0,996137.14,2.868222367998706e-09,0.00%,0,0.0,0.00%
2021-12-31,BC0,INE,BC0.INE,62880.0,0,,,,,-3862.86,0.0,996137.14,2.868222367998706e-09,0.00%,0,0.0,0.00%
2022-01-04,BC0,INE,BC0.INE,62230.0,0,,,,,-3862.86,0.0,996137.14,2.868222367998706e-09,0.00%,0,0.0,0.00%
2022-01-05,BC0,INE,BC0.INE,62700.0,0,,,,,-3862.86,0.0,996137.14,2.868222367998706e-09,0.00%,0,0.0,0.00%
2022-01-06,BC0,INE,BC0.INE,62020.0,0,,,,,-3862.86,0.0,996137.14,2.868222367998706e-09,0.00%,0,0.0,0.00%
2022-01-07,BC0,INE,BC0.INE,61960.0,0,,,,,-3862.86,0.0,996137.14,2.868222367998706e-09,0.00%,0,0.0,0.00%
2022-01-10,BC0,INE,BC0.INE,62280.0,0,,,,,-3862.86,0.0,996137.14,2.868222367998706e-09,0.00%,0,0.0,0.00%
2022-01-11,BC0,INE,BC0.INE,62230.0,0,,,,,-3862.86,0.0,996137.14,2.868222367998706e-09,0.00%,0,0.0,0.00%
2022-01-12,BC0,INE,BC0.INE,63430.0,0,,,,,-3862.86,0.0,996137.14,2.868222367998706e-09,0.00%,0,0.0,0.00%
2022-01-13,BC0,INE,BC0.INE,63830.0,1,NORMAL_SETUP,64230.0,62108.93,64850.0,-3862.86,-400.0,995737.14,-0.00040154826759814763,-0.04%,0,-0.0004015511358205215,-0.04%
2022-01-14,BC0,INE,BC0.INE,63850.0,1,NORMAL_SETUP,64230.0,62108.93,64850.0,-3862.86,-380.0,995757.14,-0.00038147071080712184,-0.04%,0,2.0085622195464836e-05,0.00%
2022-01-17,BC0,INE,BC0.INE,62480.0,0,,,,,-4562.86,0.0,995437.14,-0.0007027116194635344,-0.07%,0,-0.0003213635003410653,-0.03%
2022-01-18,BC0,INE,BC0.INE,62330.0,0,,,,,-4562.86,0.0,995437.14,-0.0007027116194635344,-0.07%,0,0.0,0.00%
2022-01-19,BC0,INE,BC0.INE,62240.0,0,,,,,-4562.86,0.0,995437.14,-0.0007027116194635344,-0.07%,0,0.0,0.00%
2022-01-20,BC0,INE,BC0.INE,63380.0,0,,,,,-4562.86,0.0,995437.14,-0.0007027116194635344,-0.07%,0,0.0,0.00%
2022-01-21,BC0,INE,BC0.INE,63480.0,0,,,,,-4562.86,0.0,995437.14,-0.0007027116194635344,-0.07%,0,0.0,0.00%
2022-01-24,BC0,INE,BC0.INE,62760.0,0,,,,,-4562.86,0.0,995437.14,-0.0007027116194635344,-0.07%,0,0.0,0.00%
2022-01-25,BC0,INE,BC0.INE,61840.0,0,,,,,-4562.86,0.0,995437.14,-0.0007027116194635344,-0.07%,0,0.0,0.00%
2022-01-26,BC0,INE,BC0.INE,62760.0,0,,,,,-4562.86,0.0,995437.14,-0.0007027116194635344,-0.07%,0,0.0,0.00%
2022-01-27,BC0,INE,BC0.INE,62050.0,0,,,,,-4562.86,0.0,995437.14,-0.0007027116194635344,-0.07%,0,0.0,0.00%
2022-01-28,BC0,INE,BC0.INE,62540.0,0,,,,,-4562.86,0.0,995437.14,-0.0007027116194635344,-0.07%,0,0.0,0.00%
2022-02-07,BC0,INE,BC0.INE,62740.0,0,,,,,-4562.86,0.0,995437.14,2.8702393267567434e-09,0.00%,0,0.0,0.00%
2022-02-08,BC0,INE,BC0.INE,62910.0,0,,,,,-4562.86,0.0,995437.14,2.8702393267567434e-09,0.00%,0,0.0,0.00%
2022-02-09,BC0,INE,BC0.INE,62690.0,0,,,,,-4562.86,0.0,995437.14,2.8702393267567434e-09,0.00%,0,0.0,0.00%
2022-02-10,BC0,INE,BC0.INE,65080.0,0,,,,,-4562.86,0.0,995437.14,2.8702393267567434e-09,0.00%,0,0.0,0.00%
2022-02-11,BC0,INE,BC0.INE,63760.0,0,,,,,-4562.86,0.0,995437.14,2.8702393267567434e-09,0.00%,0,0.0,0.00%
2022-02-14,BC0,INE,BC0.INE,63630.0,0,,,,,-4562.86,0.0,995437.14,2.8702393267567434e-09,0.00%,0,0.0,0.00%
2022-02-15,BC0,INE,BC0.INE,63360.0,0,,,,,-4562.86,0.0,995437.14,2.8702393267567434e-09,0.00%,0,0.0,0.00%
2022-02-16,BC0,INE,BC0.INE,63870.0,0,,,,,-4562.86,0.0,995437.14,2.8702393267567434e-09,0.00%,0,0.0,0.00%
2022-02-17,BC0,INE,BC0.INE,63520.0,0,,,,,-4562.86,0.0,995437.14,2.8702393267567434e-09,0.00%,0,0.0,0.00%
2022-02-18,BC0,INE,BC0.INE,64130.0,0,,,,,-4562.86,0.0,995437.14,2.8702393267567434e-09,0.00%,0,0.0,0.00%
2022-02-21,BC0,INE,BC0.INE,63670.0,0,,,,,-4562.86,0.0,995437.14,2.8702393267567434e-09,0.00%,0,0.0,0.00%
2022-02-22,BC0,INE,BC0.INE,63220.0,0,,,,,-4562.86,0.0,995437.14,2.8702393267567434e-09,0.00%,0,0.0,0.00%
2022-02-23,BC0,INE,BC0.INE,63460.0,0,,,,,-4562.86,0.0,995437.14,2.8702393267567434e-09,0.00%,0,0.0,0.00%
2022-02-24,BC0,INE,BC0.INE,62980.0,0,,,,,-4562.86,0.0,995437.14,2.8702393267567434e-09,0.00%,0,0.0,0.00%
2022-02-25,BC0,INE,BC0.INE,62750.0,0,,,,,-4562.86,0.0,995437.14,2.8702393267567434e-09,0.00%,0,0.0,0.00%
2022-02-28,BC0,INE,BC0.INE,63060.0,0,,,,,-4562.86,0.0,995437.14,2.8702393267567434e-09,0.00%,0,0.0,0.00%
2022-03-01,BC0,INE,BC0.INE,63270.0,0,,,,,-4562.86,0.0,995437.14,2.8702393267567434e-09,0.00%,0,0.0,0.00%
2022-03-02,BC0,INE,BC0.INE,63730.0,0,,,,,-4562.86,0.0,995437.14,2.8702393267567434e-09,0.00%,0,0.0,0.00%
2022-03-03,BC0,INE,BC0.INE,65680.0,0,,,,,-4562.86,0.0,995437.14,2.8702393267567434e-09,0.00%,0,0.0,0.00%
2022-03-04,BC0,INE,BC0.INE,66310.0,0,,,,,-4562.86,0.0,995437.14,2.8702393267567434e-09,0.00%,0,0.0,0.00%
2022-03-07,BC0,INE,BC0.INE,68110.0,2,NORMAL_SETUP,66160.0,66190.0,68490.0,-4562.86,3900.0,999337.14,0.003917879593223562,0.39%,0,0.003917876722984159,0.39%
2022-03-08,BC0,INE,BC0.INE,67020.0,0,,,,,-4502.86,0.0,995497.14,6.027789674677654e-05,0.01%,0,-0.0038425470707512677,-0.38%
2022-03-09,BC0,INE,BC0.INE,65210.0,0,,,,,-4502.86,0.0,995497.14,6.027789674677654e-05,0.01%,0,0.0,0.00%
2022-03-10,BC0,INE,BC0.INE,64290.0,0,,,,,-4502.86,0.0,995497.14,6.027789674677654e-05,0.01%,0,0.0,0.00%
2022-03-11,BC0,INE,BC0.INE,64420.0,0,,,,,-4502.86,0.0,995497.14,6.027789674677654e-05,0.01%,0,0.0,0.00%
2022-03-14,BC0,INE,BC0.INE,64140.0,0,,,,,-4502.86,0.0,995497.14,6.027789674677654e-05,0.01%,0,0.0,0.00%
2022-03-15,BC0,INE,BC0.INE,63530.0,0,,,,,-4502.86,0.0,995497.14,6.027789674677654e-05,0.01%,0,0.0,0.00%
2022-03-16,BC0,INE,BC0.INE,64190.0,0,,,,,-4502.86,0.0,995497.14,6.027789674677654e-05,0.01%,0,0.0,0.00%
2022-03-17,BC0,INE,BC0.INE,64580.0,0,,,,,-4502.86,0.0,995497.14,6.027789674677654e-05,0.01%,0,0.0,0.00%
2022-03-18,BC0,INE,BC0.INE,65330.0,0,,,,,-4502.86,0.0,995497.14,6.027789674677654e-05,0.01%,0,0.0,0.00%
2022-03-21,BC0,INE,BC0.INE,65290.0,0,,,,,-4502.86,0.0,995497.14,6.027789674677654e-05,0.01%,0,0.0,0.00%
2022-03-22,BC0,INE,BC0.INE,65560.0,0,,,,,-4502.86,0.0,995497.14,6.027789674677654e-05,0.01%,0,0.0,0.00%
2022-03-23,BC0,INE,BC0.INE,65790.0,0,,,,,-4502.86,0.0,995497.14,6.027789674677654e-05,0.01%,0,0.0,0.00%
2022-03-24,BC0,INE,BC0.INE,66520.0,0,,,,,-4502.86,0.0,995497.14,6.027789674677654e-05,0.01%,0,0.0,0.00%
2022-03-25,BC0,INE,BC0.INE,66210.0,0,,,,,-4502.86,0.0,995497.14,6.027789674677654e-05,0.01%,0,0.0,0.00%
2022-03-28,BC0,INE,BC0.INE,65490.0,0,,,,,-4502.86,0.0,995497.14,6.027789674677654e-05,0.01%,0,0.0,0.00%
2022-03-29,BC0,INE,BC0.INE,66240.0,0,,,,,-4502.86,0.0,995497.14,6.027789674677654e-05,0.01%,0,0.0,0.00%
2022-03-30,BC0,INE,BC0.INE,66940.0,0,,,,,-4502.86,0.0,995497.14,6.027789674677654e-05,0.01%,0,0.0,0.00%
2022-03-31,BC0,INE,BC0.INE,65840.0,0,,,,,-4502.86,0.0,995497.14,6.027789674677654e-05,0.01%,0,0.0,0.00%
2022-04-01,BC0,INE,BC0.INE,65580.0,0,,,,,-4502.86,0.0,995497.14,2.8700663334324176e-09,0.00%,0,0.0,0.00%
2022-04-06,BC0,INE,BC0.INE,66310.0,0,,,,,-4502.86,0.0,995497.14,2.8700663334324176e-09,0.00%,0,0.0,0.00%
2022-04-07,BC0,INE,BC0.INE,65930.0,0,,,,,-4502.86,0.0,995497.14,2.8700663334324176e-09,0.00%,0,0.0,0.00%
2022-04-08,BC0,INE,BC0.INE,66270.0,0,,,,,-4502.86,0.0,995497.14,2.8700663334324176e-09,0.00%,0,0.0,0.00%
2022-04-11,BC0,INE,BC0.INE,65720.0,0,,,,,-4502.86,0.0,995497.14,2.8700663334324176e-09,0.00%,0,0.0,0.00%
2022-04-12,BC0,INE,BC0.INE,65710.0,0,,,,,-4502.86,0.0,995497.14,2.8700663334324176e-09,0.00%,0,0.0,0.00%
2022-04-13,BC0,INE,BC0.INE,66400.0,0,,,,,-4502.86,0.0,995497.14,2.8700663334324176e-09,0.00%,0,0.0,0.00%
2022-04-14,BC0,INE,BC0.INE,66350.0,0,,,,,-4502.86,0.0,995497.14,2.8700663334324176e-09,0.00%,0,0.0,0.00%
2022-04-15,BC0,INE,BC0.INE,67050.0,0,,,,,-4502.86,0.0,995497.14,2.8700663334324176e-09,0.00%,0,0.0,0.00%
2022-04-18,BC0,INE,BC0.INE,66770.0,0,,,,,-4502.86,0.0,995497.14,2.8700663334324176e-09,0.00%,0,0.0,0.00%
2022-04-19,BC0,INE,BC0.INE,67190.0,0,,,,,-4502.86,0.0,995497.14,2.8700663334324176e-09,0.00%,0,0.0,0.00%
2022-04-20,BC0,INE,BC0.INE,66570.0,0,,,,,-4502.86,0.0,995497.14,2.8700663334324176e-09,0.00%,0,0.0,0.00%
2022-04-21,BC0,INE,BC0.INE,66500.0,0,,,,,-4502.86,0.0,995497.14,2.8700663334324176e-09,0.00%,0,0.0,0.00%
2022-04-22,BC0,INE,BC0.INE,67120.0,0,,,,,-4502.86,0.0,995497.14,2.8700663334324176e-09,0.00%,0,0.0,0.00%
2022-04-25,BC0,INE,BC0.INE,65650.0,0,,,,,-4502.86,0.0,995497.14,2.8700663334324176e-09,0.00%,0,0.0,0.00%
2022-04-26,BC0,INE,BC0.INE,65330.0,0,,,,,-4502.86,0.0,995497.14,2.8700663334324176e-09,0.00%,0,0.0,0.00%
2022-04-27,BC0,INE,BC0.INE,65160.0,0,,,,,-4502.86,0.0,995497.14,2.8700663334324176e-09,0.00%,0,0.0,0.00%
2022-04-28,BC0,INE,BC0.INE,65240.0,0,,,,,-4502.86,0.0,995497.14,2.8700663334324176e-09,0.00%,0,0.0,0.00%
2022-04-29,BC0,INE,BC0.INE,65600.0,0,,,,,-4502.86,0.0,995497.14,2.8700663334324176e-09,0.00%,0,0.0,0.00%
2022-05-05,BC0,INE,BC0.INE,64660.0,0,,,,,-4502.86,0.0,995497.14,2.8700663334324176e-09,0.00%,0,0.0,0.00%
2022-05-06,BC0,INE,BC0.INE,63760.0,0,,,,,-4502.86,0.0,995497.14,2.8700663334324176e-09,0.00%,0,0.0,0.00%
2022-05-09,BC0,INE,BC0.INE,63170.0,0,,,,,-4502.86,0.0,995497.14,2.8700663334324176e-09,0.00%,0,0.0,0.00%
2022-05-10,BC0,INE,BC0.INE,63500.0,0,,,,,-4502.86,0.0,995497.14,2.8700663334324176e-09,0.00%,0,0.0,0.00%
2022-05-11,BC0,INE,BC0.INE,63240.0,0,,,,,-4502.86,0.0,995497.14,2.8700663334324176e-09,0.00%,0,0.0,0.00%
2022-05-12,BC0,INE,BC0.INE,62480.0,0,,,,,-4502.86,0.0,995497.14,2.8700663334324176e-09,0.00%,0,0.0,0.00%
2022-05-13,BC0,INE,BC0.INE,62760.0,0,,,,,-4502.86,0.0,995497.14,2.8700663334324176e-09,0.00%,0,0.0,0.00%
2022-05-16,BC0,INE,BC0.INE,63000.0,0,,,,,-4502.86,0.0,995497.14,2.8700663334324176e-09,0.00%,0,0.0,0.00%
2022-05-17,BC0,INE,BC0.INE,63450.0,0,,,,,-4502.86,0.0,995497.14,2.8700663334324176e-09,0.00%,0,0.0,0.00%
2022-05-18,BC0,INE,BC0.INE,63160.0,0,,,,,-4502.86,0.0,995497.14,2.8700663334324176e-09,0.00%,0,0.0,0.00%
2022-05-19,BC0,INE,BC0.INE,63240.0,0,,,,,-4502.86,0.0,995497.14,2.8700663334324176e-09,0.00%,0,0.0,0.00%
2022-05-20,BC0,INE,BC0.INE,63760.0,0,,,,,-4502.86,0.0,995497.14,2.8700663334324176e-09,0.00%,0,0.0,0.00%
2022-05-23,BC0,INE,BC0.INE,63910.0,0,,,,,-4502.86,0.0,995497.14,2.8700663334324176e-09,0.00%,0,0.0,0.00%
2022-05-24,BC0,INE,BC0.INE,63700.0,0,,,,,-4502.86,0.0,995497.14,2.8700663334324176e-09,0.00%,0,0.0,0.00%
2022-05-25,BC0,INE,BC0.INE,63770.0,0,,,,,-4502.86,0.0,995497.14,2.8700663334324176e-09,0.00%,0,0.0,0.00%
2022-05-26,BC0,INE,BC0.INE,63380.0,0,,,,,-4502.86,0.0,995497.14,2.8700663334324176e-09,0.00%,0,0.0,0.00%
2022-05-27,BC0,INE,BC0.INE,64130.0,0,,,,,-4502.86,0.0,995497.14,2.8700663334324176e-09,0.00%,0,0.0,0.00%
2022-05-30,BC0,INE,BC0.INE,64260.0,0,,,,,-4502.86,0.0,995497.14,2.8700663334324176e-09,0.00%,0,0.0,0.00%
2022-05-31,BC0,INE,BC0.INE,64430.0,0,,,,,-4502.86,0.0,995497.14,2.8700663334324176e-09,0.00%,0,0.0,0.00%
2022-06-01,BC0,INE,BC0.INE,63820.0,0,,,,,-4502.86,0.0,995497.14,2.8700663334324176e-09,0.00%,0,0.0,0.00%
2022-06-02,BC0,INE,BC0.INE,64450.0,0,,,,,-4502.86,0.0,995497.14,2.8700663334324176e-09,0.00%,0,0.0,0.00%
2022-06-06,BC0,INE,BC0.INE,65100.0,0,,,,,-4502.86,0.0,995497.14,2.8700663334324176e-09,0.00%,0,0.0,0.00%
2022-06-07,BC0,INE,BC0.INE,64980.0,0,,,,,-4502.86,0.0,995497.14,2.8700663334324176e-09,0.00%,0,0.0,0.00%
2022-06-08,BC0,INE,BC0.INE,65190.0,0,,,,,-4502.86,0.0,995497.14,2.8700663334324176e-09,0.00%,0,0.0,0.00%
2022-06-09,BC0,INE,BC0.INE,65220.0,0,,,,,-4502.86,0.0,995497.14,2.8700663334324176e-09,0.00%,0,0.0,0.00%
2022-06-10,BC0,INE,BC0.INE,64850.0,0,,,,,-4502.86,0.0,995497.14,2.8700663334324176e-09,0.00%,0,0.0,0.00%
2022-06-13,BC0,INE,BC0.INE,63860.0,0,,,,,-4502.86,0.0,995497.14,2.8700663334324176e-09,0.00%,0,0.0,0.00%
2022-06-14,BC0,INE,BC0.INE,63650.0,0,,,,,-4502.86,0.0,995497.14,2.8700663334324176e-09,0.00%,0,0.0,0.00%
2022-06-15,BC0,INE,BC0.INE,62600.0,0,,,,,-4502.86,0.0,995497.14,2.8700663334324176e-09,0.00%,0,0.0,0.00%
2022-06-16,BC0,INE,BC0.INE,62400.0,0,,,,,-4502.86,0.0,995497.14,2.8700663334324176e-09,0.00%,0,0.0,0.00%
2022-06-17,BC0,INE,BC0.INE,61620.0,0,,,,,-4502.86,0.0,995497.14,2.8700663334324176e-09,0.00%,0,0.0,0.00%
2022-06-20,BC0,INE,BC0.INE,59950.0,0,,,,,-4502.86,0.0,995497.14,2.8700663334324176e-09,0.00%,0,0.0,0.00%
2022-06-21,BC0,INE,BC0.INE,60070.0,0,,,,,-4502.86,0.0,995497.14,2.8700663334324176e-09,0.00%,0,0.0,0.00%
2022-06-22,BC0,INE,BC0.INE,59140.0,0,,,,,-4502.86,0.0,995497.14,2.8700663334324176e-09,0.00%,0,0.0,0.00%
2022-06-23,BC0,INE,BC0.INE,58590.0,0,,,,,-4502.86,0.0,995497.14,2.8700663334324176e-09,0.00%,0,0.0,0.00%
2022-06-24,BC0,INE,BC0.INE,56180.0,0,,,,,-4502.86,0.0,995497.14,2.8700663334324176e-09,0.00%,0,0.0,0.00%
2022-06-27,BC0,INE,BC0.INE,56470.0,0,,,,,-4502.86,0.0,995497.14,2.8700663334324176e-09,0.00%,0,0.0,0.00%
2022-06-28,BC0,INE,BC0.INE,57350.0,0,,,,,-4502.86,0.0,995497.14,2.8700663334324176e-09,0.00%,0,0.0,0.00%
2022-06-29,BC0,INE,BC0.INE,56090.0,0,,,,,-4502.86,0.0,995497.14,2.8700663334324176e-09,0.00%,0,0.0,0.00%
2022-06-30,BC0,INE,BC0.INE,56480.0,0,,,,,-4502.86,0.0,995497.14,2.8700663334324176e-09,0.00%,0,0.0,0.00%
2022-07-01,BC0,INE,BC0.INE,54480.0,0,,,,,-4502.86,0.0,995497.14,2.8700663334324176e-09,0.00%,0,0.0,0.00%
2022-07-04,BC0,INE,BC0.INE,53660.0,0,,,,,-4502.86,0.0,995497.14,2.8700663334324176e-09,0.00%,0,0.0,0.00%
2022-07-05,BC0,INE,BC0.INE,53300.0,0,,,,,-4502.86,0.0,995497.14,2.8700663334324176e-09,0.00%,0,0.0,0.00%
2022-07-06,BC0,INE,BC0.INE,51200.0,0,,,,,-4502.86,0.0,995497.14,2.8700663334324176e-09,0.00%,0,0.0,0.00%
2022-07-07,BC0,INE,BC0.INE,52070.0,0,,,,,-4502.86,0.0,995497.14,2.8700663334324176e-09,0.00%,0,0.0,0.00%
2022-07-08,BC0,INE,BC0.INE,52400.0,0,,,,,-4502.86,0.0,995497.14,2.8700663334324176e-09,0.00%,0,0.0,0.00%
2022-07-11,BC0,INE,BC0.INE,51990.0,0,,,,,-4502.86,0.0,995497.14,2.8700663334324176e-09,0.00%,0,0.0,0.00%
2022-07-12,BC0,INE,BC0.INE,50810.0,0,,,,,-4502.86,0.0,995497.14,2.8700663334324176e-09,0.00%,0,0.0,0.00%
2022-07-13,BC0,INE,BC0.INE,49590.0,0,,,,,-4502.86,0.0,995497.14,2.8700663334324176e-09,0.00%,0,0.0,0.00%
2022-07-14,BC0,INE,BC0.INE,49180.0,0,,,,,-4502.86,0.0,995497.14,2.8700663334324176e-09,0.00%,0,0.0,0.00%
2022-07-15,BC0,INE,BC0.INE,47460.0,0,,,,,-4502.86,0.0,995497.14,2.8700663334324176e-09,0.00%,0,0.0,0.00%
2022-07-18,BC0,INE,BC0.INE,49970.0,0,,,,,-4502.86,0.0,995497.14,2.8700663334324176e-09,0.00%,0,0.0,0.00%
2022-07-19,BC0,INE,BC0.INE,49560.0,0,,,,,-4502.86,0.0,995497.14,2.8700663334324176e-09,0.00%,0,0.0,0.00%
2022-07-20,BC0,INE,BC0.INE,50320.0,0,,,,,-4502.86,0.0,995497.14,2.8700663334324176e-09,0.00%,0,0.0,0.00%
2022-07-21,BC0,INE,BC0.INE,49720.0,0,,,,,-4502.86,0.0,995497.14,2.8700663334324176e-09,0.00%,0,0.0,0.00%
2022-07-22,BC0,INE,BC0.INE,50470.0,0,,,,,-4502.86,0.0,995497.14,2.8700663334324176e-09,0.00%,0,0.0,0.00%
2022-07-25,BC0,INE,BC0.INE,50640.0,0,,,,,-4502.86,0.0,995497.14,2.8700663334324176e-09,0.00%,0,0.0,0.00%
2022-07-26,BC0,INE,BC0.INE,52290.0,0,,,,,-4502.86,0.0,995497.14,2.8700663334324176e-09,0.00%,0,0.0,0.00%
2022-07-27,BC0,INE,BC0.INE,51540.0,0,,,,,-4502.86,0.0,995497.14,2.8700663334324176e-09,0.00%,0,0.0,0.00%
2022-07-28,BC0,INE,BC0.INE,53070.0,0,,,,,-4502.86,0.0,995497.14,2.8700663334324176e-09,0.00%,0,0.0,0.00%
2022-07-29,BC0,INE,BC0.INE,53160.0,0,,,,,-4502.86,0.0,995497.14,2.8700663334324176e-09,0.00%,0,0.0,0.00%
2022-08-01,BC0,INE,BC0.INE,53780.0,0,,,,,-4502.86,0.0,995497.14,2.8700663334324176e-09,0.00%,0,0.0,0.00%
2022-08-02,BC0,INE,BC0.INE,53300.0,0,,,,,-4502.86,0.0,995497.14,2.8700663334324176e-09,0.00%,0,0.0,0.00%
2022-08-03,BC0,INE,BC0.INE,52910.0,0,,,,,-4502.86,0.0,995497.14,2.8700663334324176e-09,0.00%,0,0.0,0.00%
2022-08-04,BC0,INE,BC0.INE,51930.0,0,,,,,-4502.86,0.0,995497.14,2.8700663334324176e-09,0.00%,0,0.0,0.00%
2022-08-05,BC0,INE,BC0.INE,53470.0,0,,,,,-4502.86,0.0,995497.14,2.8700663334324176e-09,0.00%,0,0.0,0.00%
2022-08-08,BC0,INE,BC0.INE,54200.0,0,,,,,-4502.86,0.0,995497.14,2.8700663334324176e-09,0.00%,0,0.0,0.00%
2022-08-09,BC0,INE,BC0.INE,54370.0,0,,,,,-4502.86,0.0,995497.14,2.8700663334324176e-09,0.00%,0,0.0,0.00%
2022-08-10,BC0,INE,BC0.INE,54200.0,0,,,,,-4502.86,0.0,995497.14,2.8700663334324176e-09,0.00%,0,0.0,0.00%
2022-08-11,BC0,INE,BC0.INE,55580.0,0,,,,,-4502.86,0.0,995497.14,2.8700663334324176e-09,0.00%,0,0.0,0.00%
2022-08-12,BC0,INE,BC0.INE,55900.0,0,,,,,-4502.86,0.0,995497.14,2.8700663334324176e-09,0.00%,0,0.0,0.00%
2022-08-15,BC0,INE,BC0.INE,54550.0,0,,,,,-4502.86,0.0,995497.14,2.8700663334324176e-09,0.00%,0,0.0,0.00%
2022-08-16,BC0,INE,BC0.INE,55100.0,0,,,,,-4502.86,0.0,995497.14,2.8700663334324176e-09,0.00%,0,0.0,0.00%
2022-08-17,BC0,INE,BC0.INE,55010.0,0,,,,,-4502.86,0.0,995497.14,2.8700663334324176e-09,0.00%,0,0.0,0.00%
2022-08-18,BC0,INE,BC0.INE,54270.0,0,,,,,-4502.86,0.0,995497.14,2.8700663334324176e-09,0.00%,0,0.0,0.00%
2022-08-19,BC0,INE,BC0.INE,55110.0,0,,,,,-4502.86,0.0,995497.14,2.8700663334324176e-09,0.00%,0,0.0,0.00%
2022-08-22,BC0,INE,BC0.INE,55710.0,0,,,,,-4502.86,0.0,995497.14,2.8700663334324176e-09,0.00%,0,0.0,0.00%
2022-08-23,BC0,INE,BC0.INE,55930.0,0,,,,,-4502.86,0.0,995497.14,2.8700663334324176e-09,0.00%,0,0.0,0.00%
2022-08-24,BC0,INE,BC0.INE,56490.0,0,,,,,-4502.86,0.0,995497.14,2.8700663334324176e-09,0.00%,0,0.0,0.00%
2022-08-25,BC0,INE,BC0.INE,56130.0,0,,,,,-4502.86,0.0,995497.14,2.8700663334324176e-09,0.00%,0,0.0,0.00%
2022-08-26,BC0,INE,BC0.INE,57010.0,0,,,,,-4502.86,0.0,995497.14,2.8700663334324176e-09,0.00%,0,0.0,0.00%
2022-08-29,BC0,INE,BC0.INE,55790.0,0,,,,,-4502.86,0.0,995497.14,2.8700663334324176e-09,0.00%,0,0.0,0.00%
2022-08-30,BC0,INE,BC0.INE,55250.0,0,,,,,-4502.86,0.0,995497.14,2.8700663334324176e-09,0.00%,0,0.0,0.00%
2022-08-31,BC0,INE,BC0.INE,55050.0,0,,,,,-4502.86,0.0,995497.14,2.8700663334324176e-09,0.00%,0,0.0,0.00%
2022-09-01,BC0,INE,BC0.INE,53780.0,0,,,,,-4502.86,0.0,995497.14,2.8700663334324176e-09,0.00%,0,0.0,0.00%
2022-09-02,BC0,INE,BC0.INE,52670.0,0,,,,,-4502.86,0.0,995497.14,2.8700663334324176e-09,0.00%,0,0.0,0.00%
2022-09-05,BC0,INE,BC0.INE,53480.0,0,,,,,-4502.86,0.0,995497.14,2.8700663334324176e-09,0.00%,0,0.0,0.00%
2022-09-06,BC0,INE,BC0.INE,54470.0,0,,,,,-4502.86,0.0,995497.14,2.8700663334324176e-09,0.00%,0,0.0,0.00%
2022-09-07,BC0,INE,BC0.INE,53550.0,0,,,,,-4502.86,0.0,995497.14,2.8700663334324176e-09,0.00%,0,0.0,0.00%
2022-09-08,BC0,INE,BC0.INE,53980.0,0,,,,,-4502.86,0.0,995497.14,2.8700663334324176e-09,0.00%,0,0.0,0.00%
2022-09-09,BC0,INE,BC0.INE,55840.0,0,,,,,-4502.86,0.0,995497.14,2.8700663334324176e-09,0.00%,0,0.0,0.00%
2022-09-13,BC0,INE,BC0.INE,56090.0,0,,,,,-4502.86,0.0,995497.14,2.8700663334324176e-09,0.00%,0,0.0,0.00%
2022-09-14,BC0,INE,BC0.INE,55270.0,0,,,,,-4502.86,0.0,995497.14,2.8700663334324176e-09,0.00%,0,0.0,0.00%
2022-09-15,BC0,INE,BC0.INE,54990.0,0,,,,,-4502.86,0.0,995497.14,2.8700663334324176e-09,0.00%,0,0.0,0.00%
2022-09-16,BC0,INE,BC0.INE,54670.0,0,,,,,-4502.86,0.0,995497.14,2.8700663334324176e-09,0.00%,0,0.0,0.00%
2022-09-19,BC0,INE,BC0.INE,55130.0,0,,,,,-4502.86,0.0,995497.14,2.8700663334324176e-09,0.00%,0,0.0,0.00%
2022-09-20,BC0,INE,BC0.INE,55470.0,0,,,,,-4502.86,0.0,995497.14,2.8700663334324176e-09,0.00%,0,0.0,0.00%
2022-09-21,BC0,INE,BC0.INE,55730.0,0,,,,,-4502.86,0.0,995497.14,2.8700663334324176e-09,0.00%,0,0.0,0.00%
2022-09-22,BC0,INE,BC0.INE,55380.0,0,,,,,-4502.86,0.0,995497.14,2.8700663334324176e-09,0.00%,0,0.0,0.00%
2022-09-23,BC0,INE,BC0.INE,55000.0,0,,,,,-4502.86,0.0,995497.14,2.8700663334324176e-09,0.00%,0,0.0,0.00%
2022-09-26,BC0,INE,BC0.INE,53480.0,0,,,,,-4502.86,0.0,995497.14,2.8700663334324176e-09,0.00%,0,0.0,0.00%
2022-09-27,BC0,INE,BC0.INE,53310.0,0,,,,,-4502.86,0.0,995497.14,2.8700663334324176e-09,0.00%,0,0.0,0.00%
2022-09-28,BC0,INE,BC0.INE,52830.0,0,,,,,-4502.86,0.0,995497.14,2.8700663334324176e-09,0.00%,0,0.0,0.00%
2022-09-29,BC0,INE,BC0.INE,53650.0,0,,,,,-4502.86,0.0,995497.14,2.8700663334324176e-09,0.00%,0,0.0,0.00%
2022-09-30,BC0,INE,BC0.INE,54140.0,0,,,,,-4502.86,0.0,995497.14,2.8700663334324176e-09,0.00%,0,0.0,0.00%
2022-10-10,BC0,INE,BC0.INE,53970.0,0,,,,,-4502.86,0.0,995497.14,2.8700663334324176e-09,0.00%,0,0.0,0.00%
2022-10-11,BC0,INE,BC0.INE,55120.0,0,,,,,-4502.86,0.0,995497.14,2.8700663334324176e-09,0.00%,0,0.0,0.00%
2022-10-12,BC0,INE,BC0.INE,55300.0,0,,,,,-4502.86,0.0,995497.14,2.8700663334324176e-09,0.00%,0,0.0,0.00%
2022-10-13,BC0,INE,BC0.INE,54920.0,0,,,,,-4502.86,0.0,995497.14,2.8700663334324176e-09,0.00%,0,0.0,0.00%
2022-10-14,BC0,INE,BC0.INE,56160.0,0,,,,,-4502.86,0.0,995497.14,2.8700663334324176e-09,0.00%,0,0.0,0.00%
2022-10-17,BC0,INE,BC0.INE,55600.0,0,,,,,-4502.86,0.0,995497.14,2.8700663334324176e-09,0.00%,0,0.0,0.00%
2022-10-18,BC0,INE,BC0.INE,55350.0,0,,,,,-4502.86,0.0,995497.14,2.8700663334324176e-09,0.00%,0,0.0,0.00%
2022-10-19,BC0,INE,BC0.INE,54730.0,0,,,,,-4502.86,0.0,995497.14,2.8700663334324176e-09,0.00%,0,0.0,0.00%
2022-10-20,BC0,INE,BC0.INE,54640.0,0,,,,,-4502.86,0.0,995497.14,2.8700663334324176e-09,0.00%,0,0.0,0.00%
2022-10-21,BC0,INE,BC0.INE,55520.0,0,,,,,-4502.86,0.0,995497.14,2.8700663334324176e-09,0.00%,0,0.0,0.00%
2022-10-24,BC0,INE,BC0.INE,56530.0,0,,,,,-4502.86,0.0,995497.14,2.8700663334324176e-09,0.00%,0,0.0,0.00%
2022-10-25,BC0,INE,BC0.INE,56670.0,0,,,,,-4502.86,0.0,995497.14,2.8700663334324176e-09,0.00%,0,0.0,0.00%
2022-10-26,BC0,INE,BC0.INE,56460.0,0,,,,,-4502.86,0.0,995497.14,2.8700663334324176e-09,0.00%,0,0.0,0.00%
2022-10-27,BC0,INE,BC0.INE,56540.0,0,,,,,-4502.86,0.0,995497.14,2.8700663334324176e-09,0.00%,0,0.0,0.00%
2022-10-28,BC0,INE,BC0.INE,55940.0,0,,,,,-4502.86,0.0,995497.14,2.8700663334324176e-09,0.00%,0,0.0,0.00%
2022-10-31,BC0,INE,BC0.INE,55110.0,0,,,,,-4502.86,0.0,995497.14,2.8700663334324176e-09,0.00%,0,0.0,0.00%
2022-11-01,BC0,INE,BC0.INE,56360.0,0,,,,,-4502.86,0.0,995497.14,2.8700663334324176e-09,0.00%,0,0.0,0.00%
2022-11-02,BC0,INE,BC0.INE,56700.0,0,,,,,-4502.86,0.0,995497.14,2.8700663334324176e-09,0.00%,0,0.0,0.00%
2022-11-03,BC0,INE,BC0.INE,56470.0,0,,,,,-4502.86,0.0,995497.14,2.8700663334324176e-09,0.00%,0,0.0,0.00%
2022-11-04,BC0,INE,BC0.INE,57290.0,0,,,,,-4502.86,0.0,995497.14,2.8700663334324176e-09,0.00%,0,0.0,0.00%
2022-11-07,BC0,INE,BC0.INE,58670.0,0,,,,,-4502.86,0.0,995497.14,2.8700663334324176e-09,0.00%,0,0.0,0.00%
2022-11-08,BC0,INE,BC0.INE,58600.0,0,,,,,-4502.86,0.0,995497.14,2.8700663334324176e-09,0.00%,0,0.0,0.00%
2022-11-09,BC0,INE,BC0.INE,59550.0,0,,,,,-4502.86,0.0,995497.14,2.8700663334324176e-09,0.00%,0,0.0,0.00%
2022-11-10,BC0,INE,BC0.INE,59800.0,0,,,,,-4502.86,0.0,995497.14,2.8700663334324176e-09,0.00%,0,0.0,0.00%
2022-11-11,BC0,INE,BC0.INE,60810.0,0,,,,,-4502.86,0.0,995497.14,2.8700663334324176e-09,0.00%,0,0.0,0.00%
2022-11-14,BC0,INE,BC0.INE,60010.0,0,,,,,-4502.86,0.0,995497.14,2.8700663334324176e-09,0.00%,0,0.0,0.00%
2022-11-15,BC0,INE,BC0.INE,60150.0,0,,,,,-4502.86,0.0,995497.14,2.8700663334324176e-09,0.00%,0,0.0,0.00%
2022-11-16,BC0,INE,BC0.INE,59650.0,0,,,,,-4502.86,0.0,995497.14,2.8700663334324176e-09,0.00%,0,0.0,0.00%
2022-11-17,BC0,INE,BC0.INE,59410.0,0,,,,,-4502.86,0.0,995497.14,2.8700663334324176e-09,0.00%,0,0.0,0.00%
2022-11-18,BC0,INE,BC0.INE,58680.0,0,,,,,-4502.86,0.0,995497.14,2.8700663334324176e-09,0.00%,0,0.0,0.00%
2022-11-21,BC0,INE,BC0.INE,57960.0,0,,,,,-4502.86,0.0,995497.14,2.8700663334324176e-09,0.00%,0,0.0,0.00%
2022-11-22,BC0,INE,BC0.INE,57280.0,0,,,,,-4502.86,0.0,995497.14,2.8700663334324176e-09,0.00%,0,0.0,0.00%
2022-11-23,BC0,INE,BC0.INE,57770.0,0,,,,,-4502.86,0.0,995497.14,2.8700663334324176e-09,0.00%,0,0.0,0.00%
2022-11-24,BC0,INE,BC0.INE,58000.0,0,,,,,-4502.86,0.0,995497.14,2.8700663334324176e-09,0.00%,0,0.0,0.00%
2022-11-25,BC0,INE,BC0.INE,58030.0,0,,,,,-4502.86,0.0,995497.14,2.8700663334324176e-09,0.00%,0,0.0,0.00%
2022-11-28,BC0,INE,BC0.INE,57240.0,0,,,,,-4502.86,0.0,995497.14,2.8700663334324176e-09,0.00%,0,0.0,0.00%
2022-11-29,BC0,INE,BC0.INE,58090.0,0,,,,,-4502.86,0.0,995497.14,2.8700663334324176e-09,0.00%,0,0.0,0.00%
2022-11-30,BC0,INE,BC0.INE,57730.0,0,,,,,-4502.86,0.0,995497.14,2.8700663334324176e-09,0.00%,0,0.0,0.00%
2022-12-01,BC0,INE,BC0.INE,59040.0,0,,,,,-4502.86,0.0,995497.14,2.8700663334324176e-09,0.00%,0,0.0,0.00%
2022-12-02,BC0,INE,BC0.INE,59460.0,0,,,,,-4502.86,0.0,995497.14,2.8700663334324176e-09,0.00%,0,0.0,0.00%
2022-12-05,BC0,INE,BC0.INE,59380.0,0,,,,,-4502.86,0.0,995497.14,2.8700663334324176e-09,0.00%,0,0.0,0.00%
2022-12-06,BC0,INE,BC0.INE,58720.0,0,,,,,-4502.86,0.0,995497.14,2.8700663334324176e-09,0.00%,0,0.0,0.00%
2022-12-07,BC0,INE,BC0.INE,58530.0,0,,,,,-4502.86,0.0,995497.14,2.8700663334324176e-09,0.00%,0,0.0,0.00%
2022-12-08,BC0,INE,BC0.INE,59470.0,0,,,,,-4502.86,0.0,995497.14,2.8700663334324176e-09,0.00%,0,0.0,0.00%
2022-12-09,BC0,INE,BC0.INE,60250.0,0,,,,,-4502.86,0.0,995497.14,2.8700663334324176e-09,0.00%,0,0.0,0.00%
2022-12-12,BC0,INE,BC0.INE,58980.0,0,,,,,-4502.86,0.0,995497.14,2.8700663334324176e-09,0.00%,0,0.0,0.00%
2022-12-13,BC0,INE,BC0.INE,59110.0,0,,,,,-4502.86,0.0,995497.14,2.8700663334324176e-09,0.00%,0,0.0,0.00%
2022-12-14,BC0,INE,BC0.INE,59560.0,0,,,,,-4502.86,0.0,995497.14,2.8700663334324176e-09,0.00%,0,0.0,0.00%
2022-12-15,BC0,INE,BC0.INE,58900.0,0,,,,,-4502.86,0.0,995497.14,2.8700663334324176e-09,0.00%,0,0.0,0.00%
2022-12-16,BC0,INE,BC0.INE,58330.0,0,,,,,-4502.86,0.0,995497.14,2.8700663334324176e-09,0.00%,0,0.0,0.00%
2022-12-19,BC0,INE,BC0.INE,58110.0,0,,,,,-4502.86,0.0,995497.14,2.8700663334324176e-09,0.00%,0,0.0,0.00%
2022-12-20,BC0,INE,BC0.INE,57990.0,0,,,,,-4502.86,0.0,995497.14,2.8700663334324176e-09,0.00%,0,0.0,0.00%
2022-12-21,BC0,INE,BC0.INE,58690.0,0,,,,,-4502.86,0.0,995497.14,2.8700663334324176e-09,0.00%,0,0.0,0.00%
2022-12-22,BC0,INE,BC0.INE,58810.0,0,,,,,-4502.86,0.0,995497.14,2.8700663334324176e-09,0.00%,0,0.0,0.00%
2022-12-23,BC0,INE,BC0.INE,58260.0,0,,,,,-4502.86,0.0,995497.14,2.8700663334324176e-09,0.00%,0,0.0,0.00%
2022-12-26,BC0,INE,BC0.INE,58900.0,0,,,,,-4502.86,0.0,995497.14,2.8700663334324176e-09,0.00%,0,0.0,0.00%
2022-12-27,BC0,INE,BC0.INE,59360.0,0,,,,,-4502.86,0.0,995497.14,2.8700663334324176e-09,0.00%,0,0.0,0.00%
2022-12-28,BC0,INE,BC0.INE,59240.0,0,,,,,-4502.86,0.0,995497.14,2.8700663334324176e-09,0.00%,0,0.0,0.00%
2022-12-29,BC0,INE,BC0.INE,59360.0,0,,,,,-4502.86,0.0,995497.14,2.8700663334324176e-09,0.00%,0,0.0,0.00%
2022-12-30,BC0,INE,BC0.INE,59210.0,0,,,,,-4502.86,0.0,995497.14,2.8700663334324176e-09,0.00%,0,0.0,0.00%
2023-01-03,BC0,INE,BC0.INE,58630.0,0,,,,,-4502.86,0.0,995497.14,2.8700663334324176e-09,0.00%,0,0.0,0.00%
2023-01-04,BC0,INE,BC0.INE,57500.0,0,,,,,-4502.86,0.0,995497.14,2.8700663334324176e-09,0.00%,0,0.0,0.00%
2023-01-05,BC0,INE,BC0.INE,57050.0,0,,,,,-4502.86,0.0,995497.14,2.8700663334324176e-09,0.00%,0,0.0,0.00%
2023-01-06,BC0,INE,BC0.INE,58180.0,0,,,,,-4502.86,0.0,995497.14,2.8700663334324176e-09,0.00%,0,0.0,0.00%
2023-01-09,BC0,INE,BC0.INE,59060.0,0,,,,,-4502.86,0.0,995497.14,2.8700663334324176e-09,0.00%,0,0.0,0.00%
2023-01-10,BC0,INE,BC0.INE,59550.0,0,,,,,-4502.86,0.0,995497.14,2.8700663334324176e-09,0.00%,0,0.0,0.00%
2023-01-11,BC0,INE,BC0.INE,61010.0,0,,,,,-4502.86,0.0,995497.14,2.8700663334324176e-09,0.00%,0,0.0,0.00%
2023-01-12,BC0,INE,BC0.INE,61620.0,0,,,,,-4502.86,0.0,995497.14,2.8700663334324176e-09,0.00%,0,0.0,0.00%
2023-01-13,BC0,INE,BC0.INE,61580.0,0,,,,,-4502.86,0.0,995497.14,2.8700663334324176e-09,0.00%,0,0.0,0.00%
2023-01-16,BC0,INE,BC0.INE,61650.0,0,,,,,-4502.86,0.0,995497.14,2.8700663334324176e-09,0.00%,0,0.0,0.00%
2023-01-17,BC0,INE,BC0.INE,61200.0,0,,,,,-4502.86,0.0,995497.14,2.8700663334324176e-09,0.00%,0,0.0,0.00%
2023-01-18,BC0,INE,BC0.INE,63070.0,0,,,,,-4502.86,0.0,995497.14,2.8700663334324176e-09,0.00%,0,0.0,0.00%
2023-01-19,BC0,INE,BC0.INE,62360.0,1,NORMAL_SETUP,63510.0,61536.43,64070.0,-4502.86,-1150.0,994347.14,-0.0011551988415126671,-0.12%,0,-0.0011552017115790125,-0.12%
2023-01-20,BC0,INE,BC0.INE,63040.0,0,,,,,-5812.86,0.0,994187.14,-0.0013159225579062672,-0.13%,0,-0.00016090959943826366,-0.02%
2023-01-30,BC0,INE,BC0.INE,61910.0,0,,,,,-5812.86,0.0,994187.14,-0.0013159225579062672,-0.13%,0,0.0,0.00%
2023-01-31,BC0,INE,BC0.INE,61830.0,0,,,,,-5812.86,0.0,994187.14,-0.0013159225579062672,-0.13%,0,0.0,0.00%
2023-02-01,BC0,INE,BC0.INE,62250.0,0,,,,,-5812.86,0.0,994187.14,2.8738481032275857e-09,0.00%,0,0.0,0.00%
2023-02-02,BC0,INE,BC0.INE,61710.0,0,,,,,-5812.86,0.0,994187.14,2.8738481032275857e-09,0.00%,0,0.0,0.00%
2023-02-03,BC0,INE,BC0.INE,61560.0,0,,,,,-5812.86,0.0,994187.14,2.8738481032275857e-09,0.00%,0,0.0,0.00%
2023-02-06,BC0,INE,BC0.INE,60990.0,0,,,,,-5812.86,0.0,994187.14,2.8738481032275857e-09,0.00%,0,0.0,0.00%
2023-02-07,BC0,INE,BC0.INE,60980.0,0,,,,,-5812.86,0.0,994187.14,2.8738481032275857e-09,0.00%,0,0.0,0.00%
2023-02-08,BC0,INE,BC0.INE,61320.0,0,,,,,-5812.86,0.0,994187.14,2.8738481032275857e-09,0.00%,0,0.0,0.00%
2023-02-09,BC0,INE,BC0.INE,61400.0,0,,,,,-5812.86,0.0,994187.14,2.8738481032275857e-09,0.00%,0,0.0,0.00%
2023-02-10,BC0,INE,BC0.INE,61150.0,0,,,,,-5812.86,0.0,994187.14,2.8738481032275857e-09,0.00%,0,0.0,0.00%
2023-02-13,BC0,INE,BC0.INE,60770.0,0,,,,,-5812.86,0.0,994187.14,2.8738481032275857e-09,0.00%,0,0.0,0.00%
2023-02-14,BC0,INE,BC0.INE,61340.0,0,,,,,-5812.86,0.0,994187.14,2.8738481032275857e-09,0.00%,0,0.0,0.00%
2023-02-15,BC0,INE,BC0.INE,61290.0,0,,,,,-5812.86,0.0,994187.14,2.8738481032275857e-09,0.00%,0,0.0,0.00%
2023-02-16,BC0,INE,BC0.INE,61150.0,0,,,,,-5812.86,0.0,994187.14,2.8738481032275857e-09,0.00%,0,0.0,0.00%
2023-02-17,BC0,INE,BC0.INE,61550.0,0,,,,,-5812.86,0.0,994187.14,2.8738481032275857e-09,0.00%,0,0.0,0.00%
2023-02-20,BC0,INE,BC0.INE,61950.0,0,,,,,-5812.86,0.0,994187.14,2.8738481032275857e-09,0.00%,0,0.0,0.00%
2023-02-21,BC0,INE,BC0.INE,62660.0,0,,,,,-5812.86,0.0,994187.14,2.8738481032275857e-09,0.00%,0,0.0,0.00%
2023-02-22,BC0,INE,BC0.INE,62680.0,0,,,,,-5812.86,0.0,994187.14,2.8738481032275857e-09,0.00%,0,0.0,0.00%
2023-02-23,BC0,INE,BC0.INE,62440.0,0,,,,,-5812.86,0.0,994187.14,2.8738481032275857e-09,0.00%,0,0.0,0.00%
2023-02-24,BC0,INE,BC0.INE,61980.0,0,,,,,-5812.86,0.0,994187.14,2.8738481032275857e-09,0.00%,0,0.0,0.00%
2023-02-27,BC0,INE,BC0.INE,60680.0,0,,,,,-5812.86,0.0,994187.14,2.8738481032275857e-09,0.00%,0,0.0,0.00%
2023-02-28,BC0,INE,BC0.INE,61450.0,0,,,,,-5812.86,0.0,994187.14,2.8738481032275857e-09,0.00%,0,0.0,0.00%
2023-03-01,BC0,INE,BC0.INE,62540.0,0,,,,,-5812.86,0.0,994187.14,2.8738481032275857e-09,0.00%,0,0.0,0.00%
2023-03-02,BC0,INE,BC0.INE,62360.0,0,,,,,-5812.86,0.0,994187.14,2.8738481032275857e-09,0.00%,0,0.0,0.00%
2023-03-03,BC0,INE,BC0.INE,62400.0,0,,,,,-5812.86,0.0,994187.14,2.8738481032275857e-09,0.00%,0,0.0,0.00%
2023-03-06,BC0,INE,BC0.INE,61860.0,0,,,,,-5812.86,0.0,994187.14,2.8738481032275857e-09,0.00%,0,0.0,0.00%
2023-03-07,BC0,INE,BC0.INE,62150.0,0,,,,,-5812.86,0.0,994187.14,2.8738481032275857e-09,0.00%,0,0.0,0.00%
2023-03-08,BC0,INE,BC0.INE,61340.0,0,,,,,-5812.86,0.0,994187.14,2.8738481032275857e-09,0.00%,0,0.0,0.00%
2023-03-09,BC0,INE,BC0.INE,61720.0,0,,,,,-5812.86,0.0,994187.14,2.8738481032275857e-09,0.00%,0,0.0,0.00%
2023-03-10,BC0,INE,BC0.INE,61250.0,0,,,,,-5812.86,0.0,994187.14,2.8738481032275857e-09,0.00%,0,0.0,0.00%
2023-03-13,BC0,INE,BC0.INE,61630.0,0,,,,,-5812.86,0.0,994187.14,2.8738481032275857e-09,0.00%,0,0.0,0.00%
2023-03-14,BC0,INE,BC0.INE,60940.0,0,,,,,-5812.86,0.0,994187.14,2.8738481032275857e-09,0.00%,0,0.0,0.00%
2023-03-15,BC0,INE,BC0.INE,61040.0,0,,,,,-5812.86,0.0,994187.14,2.8738481032275857e-09,0.00%,0,0.0,0.00%
2023-03-16,BC0,INE,BC0.INE,58870.0,0,,,,,-5812.86,0.0,994187.14,2.8738481032275857e-09,0.00%,0,0.0,0.00%
2023-03-17,BC0,INE,BC0.INE,59490.0,0,,,,,-5812.86,0.0,994187.14,2.8738481032275857e-09,0.00%,0,0.0,0.00%
2023-03-20,BC0,INE,BC0.INE,59120.0,0,,,,,-5812.86,0.0,994187.14,2.8738481032275857e-09,0.00%,0,0.0,0.00%
2023-03-21,BC0,INE,BC0.INE,59920.0,0,,,,,-5812.86,0.0,994187.14,2.8738481032275857e-09,0.00%,0,0.0,0.00%
2023-03-22,BC0,INE,BC0.INE,60460.0,0,,,,,-5812.86,0.0,994187.14,2.8738481032275857e-09,0.00%,0,0.0,0.00%
2023-03-23,BC0,INE,BC0.INE,60830.0,0,,,,,-5812.86,0.0,994187.14,2.8738481032275857e-09,0.00%,0,0.0,0.00%
2023-03-24,BC0,INE,BC0.INE,62000.0,0,,,,,-5812.86,0.0,994187.14,2.8738481032275857e-09,0.00%,0,0.0,0.00%
2023-03-27,BC0,INE,BC0.INE,61500.0,0,,,,,-5812.86,0.0,994187.14,2.8738481032275857e-09,0.00%,0,0.0,0.00%
2023-03-28,BC0,INE,BC0.INE,61650.0,0,,,,,-5812.86,0.0,994187.14,2.8738481032275857e-09,0.00%,0,0.0,0.00%
2023-03-29,BC0,INE,BC0.INE,61510.0,0,,,,,-5812.86,0.0,994187.14,2.8738481032275857e-09,0.00%,0,0.0,0.00%
2023-03-30,BC0,INE,BC0.INE,61930.0,0,,,,,-5812.86,0.0,994187.14,2.8738481032275857e-09,0.00%,0,0.0,0.00%
2023-03-31,BC0,INE,BC0.INE,61460.0,0,,,,,-5812.86,0.0,994187.14,2.8738481032275857e-09,0.00%,0,0.0,0.00%
2023-04-03,BC0,INE,BC0.INE,61400.0,0,,,,,-5812.86,0.0,994187.14,2.8738481032275857e-09,0.00%,0,0.0,0.00%
2023-04-04,BC0,INE,BC0.INE,61300.0,0,,,,,-5812.86,0.0,994187.14,2.8738481032275857e-09,0.00%,0,0.0,0.00%
2023-04-06,BC0,INE,BC0.INE,60770.0,0,,,,,-5812.86,0.0,994187.14,2.8738481032275857e-09,0.00%,0,0.0,0.00%
2023-04-07,BC0,INE,BC0.INE,61370.0,0,,,,,-5812.86,0.0,994187.14,2.8738481032275857e-09,0.00%,0,0.0,0.00%
2023-04-10,BC0,INE,BC0.INE,60910.0,0,,,,,-5812.86,0.0,994187.14,2.8738481032275857e-09,0.00%,0,0.0,0.00%
2023-04-11,BC0,INE,BC0.INE,61160.0,0,,,,,-5812.86,0.0,994187.14,2.8738481032275857e-09,0.00%,0,0.0,0.00%
2023-04-12,BC0,INE,BC0.INE,61080.0,0,,,,,-5812.86,0.0,994187.14,2.8738481032275857e-09,0.00%,0,0.0,0.00%
2023-04-13,BC0,INE,BC0.INE,61340.0,0,,,,,-5812.86,0.0,994187.14,2.8738481032275857e-09,0.00%,0,0.0,0.00%
2023-04-14,BC0,INE,BC0.INE,62130.0,0,,,,,-5812.86,0.0,994187.14,2.8738481032275857e-09,0.00%,0,0.0,0.00%
2023-04-17,BC0,INE,BC0.INE,62400.0,0,,,,,-5812.86,0.0,994187.14,2.8738481032275857e-09,0.00%,0,0.0,0.00%
2023-04-18,BC0,INE,BC0.INE,62010.0,0,,,,,-5812.86,0.0,994187.14,2.8738481032275857e-09,0.00%,0,0.0,0.00%
2023-04-19,BC0,INE,BC0.INE,61570.0,0,,,,,-5812.86,0.0,994187.14,2.8738481032275857e-09,0.00%,0,0.0,0.00%
2023-04-20,BC0,INE,BC0.INE,61510.0,0,,,,,-5812.86,0.0,994187.14,2.8738481032275857e-09,0.00%,0,0.0,0.00%
2023-04-21,BC0,INE,BC0.INE,60920.0,0,,,,,-5812.86,0.0,994187.14,2.8738481032275857e-09,0.00%,0,0.0,0.00%
2023-04-24,BC0,INE,BC0.INE,60560.0,0,,,,,-5812.86,0.0,994187.14,2.8738481032275857e-09,0.00%,0,0.0,0.00%
2023-04-25,BC0,INE,BC0.INE,60470.0,0,,,,,-5812.86,0.0,994187.14,2.8738481032275857e-09,0.00%,0,0.0,0.00%
2023-04-26,BC0,INE,BC0.INE,59830.0,0,,,,,-5812.86,0.0,994187.14,2.8738481032275857e-09,0.00%,0,0.0,0.00%
2023-04-27,BC0,INE,BC0.INE,59000.0,0,,,,,-5812.86,0.0,994187.14,2.8738481032275857e-09,0.00%,0,0.0,0.00%
2023-04-28,BC0,INE,BC0.INE,59660.0,0,,,,,-5812.86,0.0,994187.14,2.8738481032275857e-09,0.00%,0,0.0,0.00%
2023-05-04,BC0,INE,BC0.INE,59240.0,0,,,,,-5812.86,0.0,994187.14,2.8738481032275857e-09,0.00%,0,0.0,0.00%
2023-05-05,BC0,INE,BC0.INE,59160.0,0,,,,,-5812.86,0.0,994187.14,2.8738481032275857e-09,0.00%,0,0.0,0.00%
2023-05-08,BC0,INE,BC0.INE,59770.0,0,,,,,-5812.86,0.0,994187.14,2.8738481032275857e-09,0.00%,0,0.0,0.00%
2023-05-09,BC0,INE,BC0.INE,59430.0,0,,,,,-5812.86,0.0,994187.14,2.8738481032275857e-09,0.00%,0,0.0,0.00%
2023-05-10,BC0,INE,BC0.INE,59620.0,0,,,,,-5812.86,0.0,994187.14,2.8738481032275857e-09,0.00%,0,0.0,0.00%
2023-05-11,BC0,INE,BC0.INE,57830.0,0,,,,,-5812.86,0.0,994187.14,2.8738481032275857e-09,0.00%,0,0.0,0.00%
2023-05-12,BC0,INE,BC0.INE,57160.0,0,,,,,-5812.86,0.0,994187.14,2.8738481032275857e-09,0.00%,0,0.0,0.00%
2023-05-15,BC0,INE,BC0.INE,57440.0,0,,,,,-5812.86,0.0,994187.14,2.8738481032275857e-09,0.00%,0,0.0,0.00%
2023-05-16,BC0,INE,BC0.INE,56910.0,0,,,,,-5812.86,0.0,994187.14,2.8738481032275857e-09,0.00%,0,0.0,0.00%
2023-05-17,BC0,INE,BC0.INE,57050.0,0,,,,,-5812.86,0.0,994187.14,2.8738481032275857e-09,0.00%,0,0.0,0.00%
2023-05-18,BC0,INE,BC0.INE,58200.0,0,,,,,-5812.86,0.0,994187.14,2.8738481032275857e-09,0.00%,0,0.0,0.00%
2023-05-19,BC0,INE,BC0.INE,58120.0,0,,,,,-5812.86,0.0,994187.14,2.8738481032275857e-09,0.00%,0,0.0,0.00%
2023-05-22,BC0,INE,BC0.INE,57470.0,0,,,,,-5812.86,0.0,994187.14,2.8738481032275857e-09,0.00%,0,0.0,0.00%
2023-05-23,BC0,INE,BC0.INE,56980.0,0,,,,,-5812.86,0.0,994187.14,2.8738481032275857e-09,0.00%,0,0.0,0.00%
2023-05-24,BC0,INE,BC0.INE,56570.0,0,,,,,-5812.86,0.0,994187.14,2.8738481032275857e-09,0.00%,0,0.0,0.00%
2023-05-25,BC0,INE,BC0.INE,56250.0,0,,,,,-5812.86,0.0,994187.14,2.8738481032275857e-09,0.00%,0,0.0,0.00%
2023-05-26,BC0,INE,BC0.INE,57240.0,0,,,,,-5812.86,0.0,994187.14,2.8738481032275857e-09,0.00%,0,0.0,0.00%
2023-05-29,BC0,INE,BC0.INE,57920.0,0,,,,,-5812.86,0.0,994187.14,2.8738481032275857e-09,0.00%,0,0.0,0.00%
2023-05-30,BC0,INE,BC0.INE,57530.0,0,,,,,-5812.86,0.0,994187.14,2.8738481032275857e-09,0.00%,0,0.0,0.00%
2023-05-31,BC0,INE,BC0.INE,57460.0,0,,,,,-5812.86,0.0,994187.14,2.8738481032275857e-09,0.00%,0,0.0,0.00%
2023-06-01,BC0,INE,BC0.INE,58250.0,0,,,,,-5812.86,0.0,994187.14,2.8738481032275857e-09,0.00%,0,0.0,0.00%
2023-06-02,BC0,INE,BC0.INE,58760.0,0,,,,,-5812.86,0.0,994187.14,2.8738481032275857e-09,0.00%,0,0.0,0.00%
2023-06-05,BC0,INE,BC0.INE,58300.0,0,,,,,-5812.86,0.0,994187.14,2.8738481032275857e-09,0.00%,0,0.0,0.00%
2023-06-06,BC0,INE,BC0.INE,59000.0,0,,,,,-5812.86,0.0,994187.14,2.8738481032275857e-09,0.00%,0,0.0,0.00%
2023-06-07,BC0,INE,BC0.INE,59170.0,0,,,,,-5812.86,0.0,994187.14,2.8738481032275857e-09,0.00%,0,0.0,0.00%
2023-06-08,BC0,INE,BC0.INE,59230.0,0,,,,,-5812.86,0.0,994187.14,2.8738481032275857e-09,0.00%,0,0.0,0.00%
2023-06-09,BC0,INE,BC0.INE,59710.0,0,,,,,-5812.86,0.0,994187.14,2.8738481032275857e-09,0.00%,0,0.0,0.00%
2023-06-12,BC0,INE,BC0.INE,59440.0,0,,,,,-5812.86,0.0,994187.14,2.8738481032275857e-09,0.00%,0,0.0,0.00%
2023-06-13,BC0,INE,BC0.INE,60030.0,0,,,,,-5812.86,0.0,994187.14,2.8738481032275857e-09,0.00%,0,0.0,0.00%
2023-06-14,BC0,INE,BC0.INE,60340.0,0,,,,,-5812.86,0.0,994187.14,2.8738481032275857e-09,0.00%,0,0.0,0.00%
2023-06-15,BC0,INE,BC0.INE,60260.0,0,,,,,-5812.86,0.0,994187.14,2.8738481032275857e-09,0.00%,0,0.0,0.00%
2023-06-16,BC0,INE,BC0.INE,60960.0,0,,,,,-5812.86,0.0,994187.14,2.8738481032275857e-09,0.00%,0,0.0,0.00%
2023-06-19,BC0,INE,BC0.INE,60600.0,0,,,,,-5812.86,0.0,994187.14,2.8738481032275857e-09,0.00%,0,0.0,0.00%
2023-06-20,BC0,INE,BC0.INE,60650.0,0,,,,,-5812.86,0.0,994187.14,2.8738481032275857e-09,0.00%,0,0.0,0.00%
2023-06-21,BC0,INE,BC0.INE,60870.0,0,,,,,-5812.86,0.0,994187.14,2.8738481032275857e-09,0.00%,0,0.0,0.00%
2023-06-26,BC0,INE,BC0.INE,60440.0,0,,,,,-5812.86,0.0,994187.14,2.8738481032275857e-09,0.00%,0,0.0,0.00%
2023-06-27,BC0,INE,BC0.INE,60730.0,0,,,,,-5812.86,0.0,994187.14,2.8738481032275857e-09,0.00%,0,0.0,0.00%
2023-06-28,BC0,INE,BC0.INE,60230.0,0,,,,,-5812.86,0.0,994187.14,2.8738481032275857e-09,0.00%,0,0.0,0.00%
2023-06-29,BC0,INE,BC0.INE,59570.0,0,,,,,-5812.86,0.0,994187.14,2.8738481032275857e-09,0.00%,0,0.0,0.00%
2023-06-30,BC0,INE,BC0.INE,59620.0,0,,,,,-5812.86,0.0,994187.14,2.8738481032275857e-09,0.00%,0,0.0,0.00%
2023-07-03,BC0,INE,BC0.INE,60480.0,0,,,,,-5812.86,0.0,994187.14,2.8738481032275857e-09,0.00%,0,0.0,0.00%
2023-07-04,BC0,INE,BC0.INE,60370.0,0,,,,,-5812.86,0.0,994187.14,2.8738481032275857e-09,0.00%,0,0.0,0.00%
2023-07-05,BC0,INE,BC0.INE,60230.0,0,,,,,-5812.86,0.0,994187.14,2.8738481032275857e-09,0.00%,0,0.0,0.00%
2023-07-06,BC0,INE,BC0.INE,60310.0,0,,,,,-5812.86,0.0,994187.14,2.8738481032275857e-09,0.00%,0,0.0,0.00%
2023-07-07,BC0,INE,BC0.INE,60010.0,0,,,,,-5812.86,0.0,994187.14,2.8738481032275857e-09,0.00%,0,0.0,0.00%
2023-07-10,BC0,INE,BC0.INE,60150.0,0,,,,,-5812.86,0.0,994187.14,2.8738481032275857e-09,0.00%,0,0.0,0.00%
2023-07-11,BC0,INE,BC0.INE,60480.0,0,,,,,-5812.86,0.0,994187.14,2.8738481032275857e-09,0.00%,0,0.0,0.00%
2023-07-12,BC0,INE,BC0.INE,60040.0,0,,,,,-5812.86,0.0,994187.14,2.8738481032275857e-09,0.00%,0,0.0,0.00%
2023-07-13,BC0,INE,BC0.INE,60870.0,0,,,,,-5812.86,0.0,994187.14,2.8738481032275857e-09,0.00%,0,0.0,0.00%
2023-07-14,BC0,INE,BC0.INE,61520.0,0,,,,,-5812.86,0.0,994187.14,2.8738481032275857e-09,0.00%,0,0.0,0.00%
2023-07-17,BC0,INE,BC0.INE,61030.0,0,,,,,-5812.86,0.0,994187.14,2.8738481032275857e-09,0.00%,0,0.0,0.00%
2023-07-18,BC0,INE,BC0.INE,60790.0,0,,,,,-5812.86,0.0,994187.14,2.8738481032275857e-09,0.00%,0,0.0,0.00%
2023-07-19,BC0,INE,BC0.INE,60970.0,0,,,,,-5812.86,0.0,994187.14,2.8738481032275857e-09,0.00%,0,0.0,0.00%
2023-07-20,BC0,INE,BC0.INE,60770.0,0,,,,,-5812.86,0.0,994187.14,2.8738481032275857e-09,0.00%,0,0.0,0.00%
2023-07-21,BC0,INE,BC0.INE,61020.0,0,,,,,-5812.86,0.0,994187.14,2.8738481032275857e-09,0.00%,0,0.0,0.00%
2023-07-24,BC0,INE,BC0.INE,60510.0,0,,,,,-5812.86,0.0,994187.14,2.8738481032275857e-09,0.00%,0,0.0,0.00%
2023-07-25,BC0,INE,BC0.INE,61360.0,0,,,,,-5812.86,0.0,994187.14,2.8738481032275857e-09,0.00%,0,0.0,0.00%
2023-07-26,BC0,INE,BC0.INE,61540.0,0,,,,,-5812.86,0.0,994187.14,2.8738481032275857e-09,0.00%,0,0.0,0.00%
2023-07-27,BC0,INE,BC0.INE,61340.0,0,,,,,-5812.86,0.0,994187.14,2.8738481032275857e-09,0.00%,0,0.0,0.00%
2023-07-28,BC0,INE,BC0.INE,61470.0,0,,,,,-5812.86,0.0,994187.14,2.8738481032275857e-09,0.00%,0,0.0,0.00%
2023-07-31,BC0,INE,BC0.INE,61860.0,0,,,,,-5812.86,0.0,994187.14,2.8738481032275857e-09,0.00%,0,0.0,0.00%
2023-08-01,BC0,INE,BC0.INE,62830.0,0,,,,,-5812.86,0.0,994187.14,2.8738481032275857e-09,0.00%,0,0.0,0.00%
2023-08-02,BC0,INE,BC0.INE,61750.0,0,,,,,-5812.86,0.0,994187.14,2.8738481032275857e-09,0.00%,0,0.0,0.00%
2023-08-03,BC0,INE,BC0.INE,61170.0,0,,,,,-5812.86,0.0,994187.14,2.8738481032275857e-09,0.00%,0,0.0,0.00%
2023-08-04,BC0,INE,BC0.INE,61600.0,0,,,,,-5812.86,0.0,994187.14,2.8738481032275857e-09,0.00%,0,0.0,0.00%
2023-08-07,BC0,INE,BC0.INE,61390.0,0,,,,,-5812.86,0.0,994187.14,2.8738481032275857e-09,0.00%,0,0.0,0.00%
2023-08-08,BC0,INE,BC0.INE,61020.0,0,,,,,-5812.86,0.0,994187.14,2.8738481032275857e-09,0.00%,0,0.0,0.00%
2023-08-09,BC0,INE,BC0.INE,60940.0,0,,,,,-5812.86,0.0,994187.14,2.8738481032275857e-09,0.00%,0,0.0,0.00%
2023-08-10,BC0,INE,BC0.INE,60830.0,0,,,,,-5812.86,0.0,994187.14,2.8738481032275857e-09,0.00%,0,0.0,0.00%
2023-08-11,BC0,INE,BC0.INE,60340.0,0,,,,,-5812.86,0.0,994187.14,2.8738481032275857e-09,0.00%,0,0.0,0.00%
2023-08-14,BC0,INE,BC0.INE,60110.0,0,,,,,-5812.86,0.0,994187.14,2.8738481032275857e-09,0.00%,0,0.0,0.00%
2023-08-15,BC0,INE,BC0.INE,60640.0,0,,,,,-5812.86,0.0,994187.14,2.8738481032275857e-09,0.00%,0,0.0,0.00%
2023-08-16,BC0,INE,BC0.INE,59650.0,0,,,,,-5812.86,0.0,994187.14,2.8738481032275857e-09,0.00%,0,0.0,0.00%
2023-08-17,BC0,INE,BC0.INE,60040.0,0,,,,,-5812.86,0.0,994187.14,2.8738481032275857e-09,0.00%,0,0.0,0.00%
2023-08-18,BC0,INE,BC0.INE,60050.0,0,,,,,-5812.86,0.0,994187.14,2.8738481032275857e-09,0.00%,0,0.0,0.00%
2023-08-21,BC0,INE,BC0.INE,60610.0,0,,,,,-5812.86,0.0,994187.14,2.8738481032275857e-09,0.00%,0,0.0,0.00%
2023-08-22,BC0,INE,BC0.INE,60790.0,0,,,,,-5812.86,0.0,994187.14,2.8738481032275857e-09,0.00%,0,0.0,0.00%
2023-08-23,BC0,INE,BC0.INE,61370.0,0,,,,,-5812.86,0.0,994187.14,2.8738481032275857e-09,0.00%,0,0.0,0.00%
2023-08-24,BC0,INE,BC0.INE,61230.0,0,,,,,-5812.86,0.0,994187.14,2.8738481032275857e-09,0.00%,0,0.0,0.00%
2023-08-25,BC0,INE,BC0.INE,61270.0,0,,,,,-5812.86,0.0,994187.14,2.8738481032275857e-09,0.00%,0,0.0,0.00%
2023-08-28,BC0,INE,BC0.INE,61070.0,0,,,,,-5812.86,0.0,994187.14,2.8738481032275857e-09,0.00%,0,0.0,0.00%
2023-08-29,BC0,INE,BC0.INE,61520.0,0,,,,,-5812.86,0.0,994187.14,2.8738481032275857e-09,0.00%,0,0.0,0.00%
2023-08-30,BC0,INE,BC0.INE,61620.0,0,,,,,-5812.86,0.0,994187.14,2.8738481032275857e-09,0.00%,0,0.0,0.00%
2023-08-31,BC0,INE,BC0.INE,61690.0,0,,,,,-5812.86,0.0,994187.14,2.8738481032275857e-09,0.00%,0,0.0,0.00%
2023-09-01,BC0,INE,BC0.INE,61950.0,0,,,,,-5812.86,0.0,994187.14,2.8738481032275857e-09,0.00%,0,0.0,0.00%
2023-09-04,BC0,INE,BC0.INE,61530.0,0,,,,,-5812.86,0.0,994187.14,2.8738481032275857e-09,0.00%,0,0.0,0.00%
2023-09-05,BC0,INE,BC0.INE,61370.0,0,,,,,-5812.86,0.0,994187.14,2.8738481032275857e-09,0.00%,0,0.0,0.00%
2023-09-06,BC0,INE,BC0.INE,61770.0,0,,,,,-5812.86,0.0,994187.14,2.8738481032275857e-09,0.00%,0,0.0,0.00%
2023-09-07,BC0,INE,BC0.INE,61460.0,0,,,,,-5812.86,0.0,994187.14,2.8738481032275857e-09,0.00%,0,0.0,0.00%
2023-09-08,BC0,INE,BC0.INE,61020.0,0,,,,,-5812.86,0.0,994187.14,2.8738481032275857e-09,0.00%,0,0.0,0.00%
2023-09-11,BC0,INE,BC0.INE,61080.0,0,,,,,-5812.86,0.0,994187.14,2.8738481032275857e-09,0.00%,0,0.0,0.00%
2023-09-12,BC0,INE,BC0.INE,61280.0,0,,,,,-5812.86,0.0,994187.14,2.8738481032275857e-09,0.00%,0,0.0,0.00%
2023-09-13,BC0,INE,BC0.INE,61170.0,0,,,,,-5812.86,0.0,994187.14,2.8738481032275857e-09,0.00%,0,0.0,0.00%
2023-09-14,BC0,INE,BC0.INE,61550.0,0,,,,,-5812.86,0.0,994187.14,2.8738481032275857e-09,0.00%,0,0.0,0.00%
2023-09-15,BC0,INE,BC0.INE,61840.0,0,,,,,-5812.86,0.0,994187.14,2.8738481032275857e-09,0.00%,0,0.0,0.00%
2023-09-18,BC0,INE,BC0.INE,61510.0,0,,,,,-5812.86,0.0,994187.14,2.8738481032275857e-09,0.00%,0,0.0,0.00%
2023-09-19,BC0,INE,BC0.INE,60920.0,0,,,,,-5812.86,0.0,994187.14,2.8738481032275857e-09,0.00%,0,0.0,0.00%
2023-09-20,BC0,INE,BC0.INE,60870.0,0,,,,,-5812.86,0.0,994187.14,2.8738481032275857e-09,0.00%,0,0.0,0.00%
2023-09-21,BC0,INE,BC0.INE,60670.0,0,,,,,-5812.86,0.0,994187.14,2.8738481032275857e-09,0.00%,0,0.0,0.00%
2023-09-22,BC0,INE,BC0.INE,60420.0,0,,,,,-5812.86,0.0,994187.14,2.8738481032275857e-09,0.00%,0,0.0,0.00%
2023-09-25,BC0,INE,BC0.INE,60080.0,0,,,,,-5812.86,0.0,994187.14,2.8738481032275857e-09,0.00%,0,0.0,0.00%
2023-09-26,BC0,INE,BC0.INE,59580.0,0,,,,,-5812.86,0.0,994187.14,2.8738481032275857e-09,0.00%,0,0.0,0.00%
2023-09-27,BC0,INE,BC0.INE,59470.0,0,,,,,-5812.86,0.0,994187.14,2.8738481032275857e-09,0.00%,0,0.0,0.00%
2023-09-28,BC0,INE,BC0.INE,59550.0,0,,,,,-5812.86,0.0,994187.14,2.8738481032275857e-09,0.00%,0,0.0,0.00%
2023-10-09,BC0,INE,BC0.INE,59670.0,0,,,,,-5812.86,0.0,994187.14,2.8738481032275857e-09,0.00%,0,0.0,0.00%
2023-10-10,BC0,INE,BC0.INE,58800.0,0,,,,,-5812.86,0.0,994187.14,2.8738481032275857e-09,0.00%,0,0.0,0.00%
2023-10-11,BC0,INE,BC0.INE,59180.0,0,,,,,-5812.86,0.0,994187.14,2.8738481032275857e-09,0.00%,0,0.0,0.00%
2023-10-12,BC0,INE,BC0.INE,59220.0,0,,,,,-5812.86,0.0,994187.14,2.8738481032275857e-09,0.00%,0,0.0,0.00%
2023-10-13,BC0,INE,BC0.INE,58850.0,0,,,,,-5812.86,0.0,994187.14,2.8738481032275857e-09,0.00%,0,0.0,0.00%
2023-10-16,BC0,INE,BC0.INE,58950.0,0,,,,,-5812.86,0.0,994187.14,2.8738481032275857e-09,0.00%,0,0.0,0.00%
2023-10-17,BC0,INE,BC0.INE,58280.0,0,,,,,-5812.86,0.0,994187.14,2.8738481032275857e-09,0.00%,0,0.0,0.00%
2023-10-18,BC0,INE,BC0.INE,59140.0,0,,,,,-5812.86,0.0,994187.14,2.8738481032275857e-09,0.00%,0,0.0,0.00%
2023-10-19,BC0,INE,BC0.INE,58940.0,0,,,,,-5812.86,0.0,994187.14,2.8738481032275857e-09,0.00%,0,0.0,0.00%
2023-10-20,BC0,INE,BC0.INE,58540.0,0,,,,,-5812.86,0.0,994187.14,2.8738481032275857e-09,0.00%,0,0.0,0.00%
2023-10-23,BC0,INE,BC0.INE,58160.0,0,,,,,-5812.86,0.0,994187.14,2.8738481032275857e-09,0.00%,0,0.0,0.00%
2023-10-24,BC0,INE,BC0.INE,59000.0,0,,,,,-5812.86,0.0,994187.14,2.8738481032275857e-09,0.00%,0,0.0,0.00%
2023-10-25,BC0,INE,BC0.INE,59480.0,0,,,,,-5812.86,0.0,994187.14,2.8738481032275857e-09,0.00%,0,0.0,0.00%
2023-10-26,BC0,INE,BC0.INE,59200.0,0,,,,,-5812.86,0.0,994187.14,2.8738481032275857e-09,0.00%,0,0.0,0.00%
2023-10-27,BC0,INE,BC0.INE,59490.0,0,,,,,-5812.86,0.0,994187.14,2.8738481032275857e-09,0.00%,0,0.0,0.00%
2023-10-30,BC0,INE,BC0.INE,59800.0,0,,,,,-5812.86,0.0,994187.14,2.8738481032275857e-09,0.00%,0,0.0,0.00%
2023-10-31,BC0,INE,BC0.INE,59770.0,0,,,,,-5812.86,0.0,994187.14,2.8738481032275857e-09,0.00%,0,0.0,0.00%
2023-11-01,BC0,INE,BC0.INE,59760.0,0,,,,,-5812.86,0.0,994187.14,2.8738481032275857e-09,0.00%,0,0.0,0.00%
2023-11-02,BC0,INE,BC0.INE,59970.0,0,,,,,-5812.86,0.0,994187.14,2.8738481032275857e-09,0.00%,0,0.0,0.00%
2023-11-03,BC0,INE,BC0.INE,60310.0,0,,,,,-5812.86,0.0,994187.14,2.8738481032275857e-09,0.00%,0,0.0,0.00%
2023-11-06,BC0,INE,BC0.INE,60140.0,0,,,,,-5812.86,0.0,994187.14,2.8738481032275857e-09,0.00%,0,0.0,0.00%
2023-11-07,BC0,INE,BC0.INE,60030.0,0,,,,,-5812.86,0.0,994187.14,2.8738481032275857e-09,0.00%,0,0.0,0.00%
2023-11-08,BC0,INE,BC0.INE,60010.0,0,,,,,-5812.86,0.0,994187.14,2.8738481032275857e-09,0.00%,0,0.0,0.00%
2023-11-09,BC0,INE,BC0.INE,59460.0,0,,,,,-5812.86,0.0,994187.14,2.8738481032275857e-09,0.00%,0,0.0,0.00%
2023-11-10,BC0,INE,BC0.INE,59510.0,0,,,,,-5812.86,0.0,994187.14,2.8738481032275857e-09,0.00%,0,0.0,0.00%
2023-11-13,BC0,INE,BC0.INE,59380.0,0,,,,,-5812.86,0.0,994187.14,2.8738481032275857e-09,0.00%,0,0.0,0.00%
2023-11-14,BC0,INE,BC0.INE,59800.0,0,,,,,-5812.86,0.0,994187.14,2.8738481032275857e-09,0.00%,0,0.0,0.00%
2023-11-15,BC0,INE,BC0.INE,60010.0,0,,,,,-5812.86,0.0,994187.14,2.8738481032275857e-09,0.00%,0,0.0,0.00%
2023-11-16,BC0,INE,BC0.INE,60180.0,0,,,,,-5812.86,0.0,994187.14,2.8738481032275857e-09,0.00%,0,0.0,0.00%
2023-11-17,BC0,INE,BC0.INE,60150.0,0,,,,,-5812.86,0.0,994187.14,2.8738481032275857e-09,0.00%,0,0.0,0.00%
2023-11-20,BC0,INE,BC0.INE,60090.0,0,,,,,-5812.86,0.0,994187.14,2.8738481032275857e-09,0.00%,0,0.0,0.00%
2023-11-21,BC0,INE,BC0.INE,60500.0,0,,,,,-5812.86,0.0,994187.14,2.8738481032275857e-09,0.00%,0,0.0,0.00%
2023-11-22,BC0,INE,BC0.INE,60420.0,0,,,,,-5812.86,0.0,994187.14,2.8738481032275857e-09,0.00%,0,0.0,0.00%
2023-11-23,BC0,INE,BC0.INE,60230.0,0,,,,,-5812.86,0.0,994187.14,2.8738481032275857e-09,0.00%,0,0.0,0.00%
2023-11-24,BC0,INE,BC0.INE,60510.0,0,,,,,-5812.86,0.0,994187.14,2.8738481032275857e-09,0.00%,0,0.0,0.00%
2023-11-27,BC0,INE,BC0.INE,60550.0,0,,,,,-5812.86,0.0,994187.14,2.8738481032275857e-09,0.00%,0,0.0,0.00%
2023-11-28,BC0,INE,BC0.INE,60090.0,0,,,,,-5812.86,0.0,994187.14,2.8738481032275857e-09,0.00%,0,0.0,0.00%
2023-11-29,BC0,INE,BC0.INE,60510.0,0,,,,,-5812.86,0.0,994187.14,2.8738481032275857e-09,0.00%,0,0.0,0.00%
2023-11-30,BC0,INE,BC0.INE,60670.0,0,,,,,-5812.86,0.0,994187.14,2.8738481032275857e-09,0.00%,0,0.0,0.00%
2023-12-01,BC0,INE,BC0.INE,60820.0,0,,,,,-5812.86,0.0,994187.14,2.8738481032275857e-09,0.00%,0,0.0,0.00%
2023-12-04,BC0,INE,BC0.INE,61100.0,0,,,,,-5812.86,0.0,994187.14,2.8738481032275857e-09,0.00%,0,0.0,0.00%
2023-12-05,BC0,INE,BC0.INE,60410.0,0,,,,,-5812.86,0.0,994187.14,2.8738481032275857e-09,0.00%,0,0.0,0.00%
2023-12-06,BC0,INE,BC0.INE,60370.0,0,,,,,-5812.86,0.0,994187.14,2.8738481032275857e-09,0.00%,0,0.0,0.00%
2023-12-07,BC0,INE,BC0.INE,59630.0,0,,,,,-5812.86,0.0,994187.14,2.8738481032275857e-09,0.00%,0,0.0,0.00%
2023-12-08,BC0,INE,BC0.INE,60210.0,0,,,,,-5812.86,0.0,994187.14,2.8738481032275857e-09,0.00%,0,0.0,0.00%
2023-12-11,BC0,INE,BC0.INE,60660.0,0,,,,,-5812.86,0.0,994187.14,2.8738481032275857e-09,0.00%,0,0.0,0.00%
2023-12-12,BC0,INE,BC0.INE,60450.0,0,,,,,-5812.86,0.0,994187.14,2.8738481032275857e-09,0.00%,0,0.0,0.00%
2023-12-13,BC0,INE,BC0.INE,60010.0,0,,,,,-5812.86,0.0,994187.14,2.8738481032275857e-09,0.00%,0,0.0,0.00%
2023-12-14,BC0,INE,BC0.INE,60460.0,0,,,,,-5812.86,0.0,994187.14,2.8738481032275857e-09,0.00%,0,0.0,0.00%
2023-12-15,BC0,INE,BC0.INE,60940.0,0,,,,,-5812.86,0.0,994187.14,2.8738481032275857e-09,0.00%,0,0.0,0.00%
2023-12-18,BC0,INE,BC0.INE,61070.0,0,,,,,-5812.86,0.0,994187.14,2.8738481032275857e-09,0.00%,0,0.0,0.00%
2023-12-19,BC0,INE,BC0.INE,60900.0,0,,,,,-5812.86,0.0,994187.14,2.8738481032275857e-09,0.00%,0,0.0,0.00%
2023-12-20,BC0,INE,BC0.INE,61490.0,0,,,,,-5812.86,0.0,994187.14,2.8738481032275857e-09,0.00%,0,0.0,0.00%
2023-12-21,BC0,INE,BC0.INE,61620.0,0,,,,,-5812.86,0.0,994187.14,2.8738481032275857e-09,0.00%,0,0.0,0.00%
2023-12-22,BC0,INE,BC0.INE,61650.0,0,,,,,-5812.86,0.0,994187.14,2.8738481032275857e-09,0.00%,0,0.0,0.00%
2023-12-25,BC0,INE,BC0.INE,61660.0,0,,,,,-5812.86,0.0,994187.14,2.8738481032275857e-09,0.00%,0,0.0,0.00%
2023-12-26,BC0,INE,BC0.INE,61840.0,0,,,,,-5812.86,0.0,994187.14,2.8738481032275857e-09,0.00%,0,0.0,0.00%
2023-12-27,BC0,INE,BC0.INE,61730.0,0,,,,,-5812.86,0.0,994187.14,2.8738481032275857e-09,0.00%,0,0.0,0.00%
2023-12-28,BC0,INE,BC0.INE,61970.0,0,,,,,-5812.86,0.0,994187.14,2.8738481032275857e-09,0.00%,0,0.0,0.00%
2023-12-29,BC0,INE,BC0.INE,61540.0,0,,,,,-5812.86,0.0,994187.14,2.8738481032275857e-09,0.00%,0,0.0,0.00%
