entry_i,exit_i,side,lots,entry_price,exit_price,gross_pnl,cost,net_pnl
85,161,short,1,4302.0,4157.0,145.0,28.459,116.541
247,339,long,1,4627.0,4769.0,142.0,29.396,112.604
385,406,long,1,4881.0,4830.0,-51.0,29.711,-80.711
451,478,short,1,4686.0,4670.0,16.0,29.356,-13.356000000000002
529,563,short,1,4250.0,4318.0,-68.0,28.568,-96.568
621,643,short,1,4017.0,4117.0,-100.0,28.134,-128.13400000000001
693,775,short,1,4039.0,4058.0,-19.0,28.097,-47.097
781,821,long,1,4093.0,4157.0,64.0,28.25,35.75
835,893,long,1,4249.0,4301.0,52.0,28.55,23.45
1063,1088,short,1,4277.0,4286.0,-9.0,28.563000000000002,-37.563
1219,1239,long,1,4804.0,4588.0,-216.0,29.392000000000003,-245.392
1342,1417,long,1,4759.0,4761.0,2.0,29.52,-27.52
1502,1555,long,1,4873.0,4913.0,40.0,29.786,10.213999999999999
1567,1609,long,1,4986.0,5125.0,139.0,30.111,108.889
1648,1727,short,1,4896.0,4768.0,128.0,29.664,98.336
1807,1849,long,1,4848.0,4845.0,-3.0,29.692999999999998,-32.693
2029,2083,long,1,4879.0,4814.0,-65.0,29.693,-94.693
2107,2133,short,1,4756.0,4736.0,20.0,29.492,-9.492
2173,2266,long,1,4789.0,4889.0,100.0,29.678,70.322
2293,2317,long,1,4971.0,4839.0,-132.0,29.810000000000002,-161.81
2481,2675,short,1,4763.0,4120.0,643.0,28.883000000000003,614.117
2689,2695,long,1,4178.0,4069.0,-109.0,28.247,-137.247
2855,2909,long,1,4189.0,4203.0,14.0,28.392,-14.392
2968,3001,long,1,4242.0,4319.0,77.0,28.561,48.439
3071,3093,short,1,4187.0,4208.0,-21.0,28.395000000000003,-49.395
3115,3146,long,1,4276.0,4258.0,-18.0,28.534,-46.534
3275,3307,long,1,4387.0,4355.0,-32.0,28.742,-60.742000000000004
3328,3451,short,1,4311.0,4097.0,214.0,28.408,185.59199999999998
3457,3477,short,1,4024.0,4085.0,-61.0,28.109,-89.10900000000001
3601,3734,short,1,4061.0,3744.0,317.0,27.805,289.195
3825,3915,short,1,3615.0,3375.0,240.0,26.990000000000002,213.01
3965,3971,long,1,3636.0,3528.0,-108.0,27.164,-135.164
4009,4039,long,1,3664.0,3605.0,-59.0,27.269,-86.269
4189,4249,short,1,3567.0,3485.0,82.0,27.052,54.948
4262,4408,long,1,3620.0,3936.0,316.0,27.556,288.444
4457,4515,long,1,4053.0,4106.0,53.0,28.159,24.841
4593,4670,short,1,3898.0,3885.0,13.0,27.783,-14.783000000000001
4712,4732,short,1,3752.0,3826.0,-74.0,27.578000000000003,-101.578
4928,4994,short,1,3482.0,3460.0,22.0,26.942,-4.942
5068,5174,long,1,3589.0,3650.0,61.0,27.239,33.760999999999996
5219,5284,long,1,3717.0,3765.0,48.0,27.482,20.518
5378,5466,short,1,3674.0,3614.0,60.0,27.288,32.712
5519,5540,short,1,3504.0,3640.0,-136.0,27.144,-163.144
5546,5600,long,1,3658.0,3643.0,-15.0,27.301000000000002,-42.301
5672,5744,long,1,3691.0,3661.0,-30.0,27.352,-57.352000000000004
5760,5858,short,1,3627.0,3489.0,138.0,27.116,110.884
5882,5902,short,1,3415.0,3477.0,-62.0,26.892,-88.892
6056,6146,short,1,3224.0,3312.0,-88.0,26.536,-114.536
6149,6202,long,1,3344.0,3350.0,6.0,26.694000000000003,-20.694000000000003
6224,6368,short,1,3268.0,3088.0,180.0,26.356,153.644
6500,6594,long,1,3098.0,3136.0,38.0,26.234,11.765999999999998
6710,6922,short,1,3032.0,2577.0,455.0,25.609,429.391
7082,7128,short,1,2469.0,2462.0,7.0,24.931,-17.931
7133,7173,long,1,2559.0,2517.0,-42.0,25.076,-67.076
7366,7485,short,1,2469.0,2491.0,-22.0,24.96,-46.96
7487,7521,long,1,2512.0,2485.0,-27.0,24.997,-51.997
7610,7639,long,1,2514.0,2512.0,-2.0,25.026,-27.026
7785,7807,long,1,2522.0,2486.0,-36.0,25.008000000000003,-61.008
7929,7993,short,1,2341.0,2281.0,60.0,24.622,35.378
8102,8124,long,1,2409.0,2373.0,-36.0,24.782000000000004,-60.782000000000004
8221,8513,short,1,2379.0,2256.0,123.0,24.634999999999998,98.36500000000001
8623,8668,short,1,2031.0,2053.0,-22.0,24.084000000000003,-46.084
8731,8758,long,1,2054.0,2027.0,-27.0,24.081000000000003,-51.081
8889,9050,short,1,2047.0,1990.0,57.0,24.037,32.963
9205,9246,short,1,1901.0,1909.0,-8.0,23.810000000000002,-31.810000000000002
9257,9302,short,1,1870.0,1853.0,17.0,23.723,-6.722999999999999
9368,9432,short,1,1807.0,1811.0,-4.0,23.618000000000002,-27.618000000000002
9486,9521,short,1,1776.0,1796.0,-20.0,23.572,-43.572
9563,9715,short,1,1762.0,1666.0,96.0,23.428,72.572
9838,9966,long,1,1694.0,1774.0,80.0,23.468000000000004,56.532
10065,10159,long,1,1798.0,1832.0,34.0,23.630000000000003,10.369999999999997
10233,10384,long,1,1880.0,1987.0,107.0,23.867,83.133
10505,10705,long,1,2163.0,2314.0,151.0,24.477,126.523
10723,10781,long,1,2441.0,2570.0,129.0,25.011000000000003,103.989
10791,10914,short,1,2453.0,2084.0,369.0,24.537,344.463
10946,10984,short,1,1951.0,1999.0,-48.0,23.950000000000003,-71.95
11038,11084,long,1,2079.0,2060.0,-19.0,24.139000000000003,-43.139
11153,11288,long,1,2233.0,2463.0,230.0,24.696,205.304
11299,11317,short,1,2304.0,2377.0,-73.0,24.681,-97.681
11360,11406,long,1,2493.0,2451.0,-42.0,24.944000000000003,-66.944
11423,11467,long,1,2596.0,2532.0,-64.0,25.128,-89.128
11478,11498,long,1,2652.0,2532.0,-120.0,25.184,-145.184
11568,11595,short,1,2441.0,2451.0,-10.0,24.892000000000003,-34.892
11648,11687,short,1,2282.0,2280.0,2.0,24.562,-22.562
11778,12001,long,1,2337.0,2879.0,542.0,25.216,516.784
12010,12044,short,1,2753.0,2754.0,-1.0,25.506999999999998,-26.506999999999998
12062,12099,long,1,2998.0,3000.0,2.0,25.998,-23.998
12143,12210,long,1,3365.0,3376.0,11.0,26.741,-15.741
12219,12278,short,1,3177.0,3038.0,139.0,26.215,112.785
12345,12426,long,1,3037.0,3201.0,164.0,26.238,137.762
12550,12596,long,1,3481.0,3480.0,-1.0,26.961,-27.961
12675,12701,short,1,3419.0,3450.0,-31.0,26.869,-57.869
12705,12740,long,1,3601.0,3562.0,-39.0,27.163,-66.163
12767,12809,short,1,3417.0,3145.0,272.0,26.561999999999998,245.438
12836,12848,long,1,3277.0,3081.0,-196.0,26.358,-222.358
12853,12968,short,1,3029.0,2978.0,51.0,26.006999999999998,24.993000000000002
12969,13013,long,1,2992.0,3010.0,18.0,26.002000000000002,-8.002000000000002
13097,13140,long,1,3115.0,3243.0,128.0,26.358,101.642
13170,13222,short,1,3093.0,3020.0,73.0,26.113,46.887
13260,13298,long,1,3082.0,3062.0,-20.0,26.144000000000002,-46.144000000000005
13340,13455,long,1,3196.0,3532.0,336.0,26.728,309.272
13484,13493,long,1,3685.0,3554.0,-131.0,27.239,-158.239
13553,13635,long,1,3697.0,3868.0,171.0,27.564999999999998,143.435
13649,13670,short,1,3773.0,3848.0,-75.0,27.621000000000002,-102.62100000000001
13689,13704,long,1,3991.0,3781.0,-210.0,27.772,-237.772
13771,13796,long,1,4034.0,4035.0,1.0,28.069,-27.069
13821,13934,short,1,3861.0,3671.0,190.0,27.532,162.468
13998,14026,long,1,3819.0,3691.0,-128.0,27.51,-155.51
14138,14199,long,1,3710.0,3715.0,5.0,27.425,-22.425
14219,14237,short,1,3631.0,3733.0,-102.0,27.364,-129.364
14273,14337,long,1,3881.0,3920.0,39.0,27.801000000000002,11.198999999999998
14446,14457,long,1,3939.0,3789.0,-150.0,27.728,-177.728
14537,14540,short,1,3747.0,3818.0,-71.0,27.564999999999998,-98.565
14619,14687,long,1,3927.0,3928.0,1.0,27.855,-26.855
14720,14738,long,1,3994.0,3936.0,-58.0,27.93,-85.93
14786,14802,short,1,3862.0,3947.0,-85.0,27.808999999999997,-112.809
14829,14838,long,1,4061.0,4024.0,-37.0,28.085,-65.08500000000001
14870,14918,short,1,3909.0,3748.0,161.0,27.657000000000004,133.343
14939,15022,short,1,3638.0,3325.0,313.0,26.963,286.037
15147,15218,long,1,3549.0,3650.0,101.0,27.198999999999998,73.801
15269,15299,long,1,3704.0,3660.0,-44.0,27.364,-71.364
15311,15341,short,1,3585.0,3582.0,3.0,27.167,-24.167
15365,15488,long,1,3646.0,3872.0,226.0,27.518,198.482
15491,15549,short,1,3742.0,3755.0,-13.0,27.497,-40.497
15618,15665,long,1,3831.0,3943.0,112.0,27.774,84.226
15687,15776,long,1,4009.0,4122.0,113.0,28.131,84.869
15839,15875,long,1,4293.0,4171.0,-122.0,28.464,-150.464
15887,15912,long,1,4389.0,4281.0,-108.0,28.67,-136.67000000000002
15953,16007,short,1,4140.0,4159.0,-19.0,28.299,-47.299
16130,16184,short,1,4017.0,4117.0,-100.0,28.134,-128.13400000000001
16191,16230,long,1,4152.0,4091.0,-61.0,28.243000000000002,-89.243
16273,16284,long,1,4241.0,4172.0,-69.0,28.413,-97.413
16310,16356,short,1,4066.0,3939.0,127.0,28.005,98.995
16424,16505,short,1,3810.0,3353.0,457.0,27.163,429.837
16649,16695,short,1,3379.0,3435.0,-56.0,26.814,-82.814
16705,16854,long,1,3475.0,3658.0,183.0,27.133000000000003,155.867
16895,16913,long,1,3900.0,3710.0,-190.0,27.61,-217.61
16929,16973,short,1,3611.0,3730.0,-119.0,27.341,-146.341
16979,17049,long,1,3750.0,3748.0,-2.0,27.498,-29.498
17274,17313,long,1,3809.0,3757.0,-52.0,27.566000000000003,-79.566
17318,17331,short,1,3706.0,3816.0,-110.0,27.522,-137.522
17445,17466,short,1,3692.0,3720.0,-28.0,27.412,-55.412
17474,17519,long,1,3783.0,3863.0,80.0,27.646,52.354
17552,17621,short,1,3801.0,3774.0,27.0,27.575000000000003,-0.5750000000000028
17697,17765,long,1,3859.0,4018.0,159.0,27.877000000000002,131.123
17834,18029,short,1,3934.0,3693.0,241.0,27.627000000000002,213.373
18080,18147,short,1,3637.0,3349.0,288.0,26.986,261.014
18170,18192,long,1,3437.0,3391.0,-46.0,26.828000000000003,-72.828
18200,18255,long,1,3483.0,3489.0,6.0,26.972,-20.972
18263,18281,short,1,3427.0,3489.0,-62.0,26.916,-88.916
18372,18428,short,1,3355.0,3327.0,28.0,26.682000000000002,1.3179999999999978
18513,18545,long,1,3404.0,3354.0,-50.0,26.758,-76.758
18576,18649,long,1,3494.0,3609.0,115.0,27.103,87.89699999999999
18662,18671,short,1,3570.0,3638.0,-68.0,27.208,-95.208
18710,18730,short,1,3428.0,3516.0,-88.0,26.944000000000003,-114.944
18782,18803,short,1,3458.0,3519.0,-61.0,26.977,-87.977
