symbol,interval,trade_filter_prob,split,signal_type,window_id,cluster_name
MANIFEST2,minute60,0.17350770086818612,train,all_signal_types,0,chemical
MANIFEST2,minute60,0.1662325426108182,train,all_signal_types,0,chemical
MANIFEST2,minute60,0.22438461827071624,train,all_signal_types,0,chemical
MANIFEST2,minute60,0.26148933885932163,train,all_signal_types,0,chemical
MANIFEST2,minute60,0.15044304706974784,train,all_signal_types,0,chemical
MANIFEST2,minute60,0.13995182672228706,train,all_signal_types,0,chemical
MANIFEST2,minute60,0.2650708089509745,train,all_signal_types,0,chemical
MANIFEST2,minute60,0.17830938216162645,train,all_signal_types,0,chemical
MANIFEST2,minute60,0.21304494711059924,train,all_signal_types,0,chemical
MANIFEST2,minute60,0.2038812408200781,train,all_signal_types,0,chemical
MANIFEST2,minute60,0.2033037492938608,train,all_signal_types,0,chemical
MANIFEST2,minute60,0.42966448068971763,train,all_signal_types,0,chemical
MANIFEST2,minute60,0.44398188864152455,train,all_signal_types,0,chemical
MANIFEST2,minute60,0.3838564848764678,train,all_signal_types,0,chemical
MANIFEST2,minute60,0.4575742395002931,train,all_signal_types,0,chemical
MANIFEST2,minute60,0.3200836695621252,train,all_signal_types,0,chemical
MANIFEST2,minute60,0.34269634380606595,train,all_signal_types,0,chemical
MANIFEST2,minute60,0.4405539053773614,train,all_signal_types,0,chemical
MANIFEST2,minute60,0.4446100768285085,train,all_signal_types,0,chemical
MANIFEST2,minute60,0.4936790659911731,train,all_signal_types,0,chemical
MANIFEST2,minute60,0.2252437032927311,train,all_signal_types,0,chemical
MANIFEST2,minute60,0.4001047261293133,train,all_signal_types,0,chemical
MANIFEST2,minute60,0.36846148201478507,train,all_signal_types,0,chemical
MANIFEST2,minute60,0.4288927299115707,train,all_signal_types,0,chemical
MANIFEST2,minute60,0.45962363642339754,train,all_signal_types,0,chemical
MANIFEST2,minute60,0.5154079393669961,train,all_signal_types,0,chemical
MANIFEST2,minute60,0.5285093162513372,train,all_signal_types,0,chemical
MANIFEST2,minute60,0.632050573032558,train,all_signal_types,0,chemical
MANIFEST2,minute60,0.6106600590632958,train,all_signal_types,0,chemical
MANIFEST2,minute60,0.7285519993046736,train,all_signal_types,0,chemical
MANIFEST2,minute60,0.7187449862943278,train,all_signal_types,0,chemical
MANIFEST2,minute60,0.8245138785020494,train,all_signal_types,0,chemical
MANIFEST2,minute60,0.7938590468929565,train,all_signal_types,0,chemical
MANIFEST2,minute60,0.6691317043466207,train,all_signal_types,0,chemical
MANIFEST2,minute60,0.7137356014412813,train,all_signal_types,0,chemical
MANIFEST2,minute60,0.8001915070501304,train,all_signal_types,0,chemical
MANIFEST2,minute60,0.7039892788494615,train,all_signal_types,0,chemical
MANIFEST2,minute60,0.6141889753183711,train,all_signal_types,0,chemical
MANIFEST2,minute60,0.4369748190803874,train,all_signal_types,0,chemical
MANIFEST2,minute60,0.40640840866029704,train,all_signal_types,0,chemical
MANIFEST2,minute60,0.3913774342968037,train,all_signal_types,0,chemical
MANIFEST2,minute60,0.3795732344418378,train,all_signal_types,0,chemical
MANIFEST2,minute60,0.3885841309297955,train,all_signal_types,0,chemical
MANIFEST2,minute60,0.40245433587867235,train,all_signal_types,0,chemical
MANIFEST2,minute60,0.48324278848087443,train,all_signal_types,0,chemical
MANIFEST2,minute60,0.5569875156477224,train,all_signal_types,0,chemical
MANIFEST2,minute60,0.5608898930757094,train,all_signal_types,0,chemical
MANIFEST2,minute60,0.5744215972385227,train,all_signal_types,0,chemical
MANIFEST2,minute60,0.6796893299259277,train,all_signal_types,0,chemical
MANIFEST2,minute60,0.7106824151589316,train,all_signal_types,0,chemical
MANIFEST2,minute60,0.5928737722672219,train,all_signal_types,0,chemical
MANIFEST2,minute60,0.6228164741775999,train,all_signal_types,0,chemical
MANIFEST2,minute60,0.37535169652721845,train,all_signal_types,0,chemical
MANIFEST2,minute60,0.4851207702376957,train,all_signal_types,0,chemical
MANIFEST2,minute60,0.2977796229261965,train,all_signal_types,0,chemical
MANIFEST2,minute60,0.25132333274418395,train,all_signal_types,0,chemical
MANIFEST2,minute60,0.3174172472475429,train,all_signal_types,0,chemical
MANIFEST2,minute60,0.36441102904854805,train,all_signal_types,0,chemical
MANIFEST2,minute60,0.35357031359905455,train,all_signal_types,0,chemical
MANIFEST2,minute60,0.3555073586089247,train,all_signal_types,0,chemical
MANIFEST2,minute60,0.45139506161048515,train,all_signal_types,0,chemical
MANIFEST2,minute60,0.2733915280178877,train,all_signal_types,0,chemical
MANIFEST2,minute60,0.36572648208441627,train,all_signal_types,0,chemical
MANIFEST2,minute60,0.3626494780115743,train,all_signal_types,0,chemical
MANIFEST2,minute60,0.45306544533573045,train,all_signal_types,0,chemical
MANIFEST2,minute60,0.45515352734525616,train,all_signal_types,0,chemical
MANIFEST2,minute60,0.606362621915437,train,all_signal_types,0,chemical
MANIFEST2,minute60,0.6899083509478614,train,all_signal_types,0,chemical
MANIFEST2,minute60,0.5622248541254138,train,all_signal_types,0,chemical
MANIFEST2,minute60,0.5179112817733642,train,all_signal_types,0,chemical
MANIFEST2,minute60,0.2592264749661506,train,all_signal_types,0,chemical
MANIFEST2,minute60,0.21117268138463308,train,all_signal_types,0,chemical
MANIFEST2,minute60,0.43765147838385643,train,all_signal_types,0,chemical
MANIFEST2,minute60,0.45013539529733965,train,all_signal_types,0,chemical
MANIFEST2,minute60,0.3193749151499429,train,all_signal_types,0,chemical
MANIFEST2,minute60,0.434302295365381,train,all_signal_types,0,chemical
MANIFEST2,minute60,0.569252474175796,train,all_signal_types,0,chemical
MANIFEST2,minute60,0.6816944396049431,train,all_signal_types,0,chemical
MANIFEST2,minute60,0.5204632830418909,train,all_signal_types,0,chemical
MANIFEST2,minute60,0.5211994253913662,train,all_signal_types,0,chemical
MANIFEST2,minute60,0.41418551005921445,train,all_signal_types,0,chemical
MANIFEST2,minute60,0.32928149693199177,train,all_signal_types,0,chemical
MANIFEST2,minute60,0.3551427984915374,train,all_signal_types,0,chemical
MANIFEST2,minute60,0.24770173024156653,train,all_signal_types,0,chemical
MANIFEST2,minute60,0.41950439557495506,train,all_signal_types,0,chemical
MANIFEST2,minute60,0.4639069322986397,train,all_signal_types,0,chemical
MANIFEST2,minute60,0.4808678895242029,train,all_signal_types,0,chemical
MANIFEST2,minute60,0.562365923256906,train,all_signal_types,0,chemical
MANIFEST2,minute60,0.49670315022277156,train,all_signal_types,0,chemical
MANIFEST2,minute60,0.5109652537588141,train,all_signal_types,0,chemical
MANIFEST2,minute60,0.5152259296058308,train,all_signal_types,0,chemical
MANIFEST2,minute60,0.3413963437362607,train,all_signal_types,0,chemical
MANIFEST2,minute60,0.33068004592499867,train,all_signal_types,0,chemical
MANIFEST2,minute60,0.3108970239466537,train,all_signal_types,0,chemical
MANIFEST2,minute60,0.30800728036999536,train,all_signal_types,0,chemical
MANIFEST2,minute60,0.3469838917893895,train,all_signal_types,0,chemical
MANIFEST2,minute60,0.38026246491890625,train,all_signal_types,0,chemical
MANIFEST2,minute60,0.3244701912492449,train,all_signal_types,0,chemical
MANIFEST2,minute60,0.34584986635625514,train,all_signal_types,0,chemical
MANIFEST2,minute60,0.3802119661930159,train,all_signal_types,0,chemical
MANIFEST2,minute60,0.3590404431402173,train,all_signal_types,0,chemical
MANIFEST2,minute60,0.45441852542389216,train,all_signal_types,0,chemical
MANIFEST2,minute60,0.3602497742532289,train,all_signal_types,0,chemical
MANIFEST2,minute60,0.37199898776945994,train,all_signal_types,0,chemical
MANIFEST2,minute60,0.47915141766153335,train,all_signal_types,0,chemical
MANIFEST2,minute60,0.41955300830812847,train,all_signal_types,0,chemical
MANIFEST2,minute60,0.34771482374347357,train,all_signal_types,0,chemical
MANIFEST2,minute60,0.5333904269627907,train,all_signal_types,0,chemical
MANIFEST2,minute60,0.6693890812321164,train,all_signal_types,0,chemical
MANIFEST2,minute60,0.49715256888675674,train,all_signal_types,0,chemical
MANIFEST2,minute60,0.4251197279072949,train,all_signal_types,0,chemical
MANIFEST2,minute60,0.5530218053934243,train,all_signal_types,0,chemical
MANIFEST2,minute60,0.5407590289191899,train,all_signal_types,0,chemical
MANIFEST2,minute60,0.3330028490849315,train,all_signal_types,0,chemical
MANIFEST2,minute60,0.2051806728877395,train,all_signal_types,0,chemical
MANIFEST2,minute60,0.2750726191977269,train,all_signal_types,0,chemical
MANIFEST2,minute60,0.29036035147545947,train,all_signal_types,0,chemical
MANIFEST2,minute60,0.26500961851435734,train,all_signal_types,0,chemical
MANIFEST2,minute60,0.4437526237306909,train,all_signal_types,0,chemical
MANIFEST2,minute60,0.4264902799665876,train,all_signal_types,0,chemical
MANIFEST2,minute60,0.43117330527978637,train,all_signal_types,0,chemical
MANIFEST2,minute60,0.3421374633333979,train,all_signal_types,0,chemical
MANIFEST2,minute60,0.2343929237567087,train,all_signal_types,0,chemical
MANIFEST2,minute60,0.38644886119864447,train,all_signal_types,0,chemical
MANIFEST2,minute60,0.34152885355454526,train,all_signal_types,0,chemical
MANIFEST2,minute60,0.2648475716954995,train,all_signal_types,0,chemical
MANIFEST2,minute60,0.6757168065428085,train,all_signal_types,0,chemical
MANIFEST2,minute60,0.4497210138256749,train,all_signal_types,0,chemical
MANIFEST2,minute60,0.509393556052617,train,all_signal_types,0,chemical
MANIFEST2,minute60,0.2976343007858483,train,all_signal_types,0,chemical
MANIFEST2,minute60,0.4600114548986732,train,all_signal_types,0,chemical
MANIFEST2,minute60,0.3403537924030674,train,all_signal_types,0,chemical
MANIFEST2,minute60,0.4928208232532853,train,all_signal_types,0,chemical
MANIFEST2,minute60,0.4414559153459363,train,all_signal_types,0,chemical
MANIFEST2,minute60,0.46235651086644824,train,all_signal_types,0,chemical
MANIFEST2,minute60,0.2748453362203953,train,all_signal_types,0,chemical
MANIFEST2,minute60,0.2840929753259377,train,all_signal_types,0,chemical
MANIFEST2,minute60,0.3801236999797777,train,all_signal_types,0,chemical
MANIFEST2,minute60,0.3211414908867999,train,all_signal_types,0,chemical
MANIFEST2,minute60,0.46133462482046295,train,all_signal_types,0,chemical
MANIFEST2,minute60,0.5412720070945048,train,all_signal_types,0,chemical
MANIFEST2,minute60,0.45861208628458916,train,all_signal_types,0,chemical
MANIFEST2,minute60,0.4750460894685249,train,all_signal_types,0,chemical
MANIFEST2,minute60,0.42809212331066404,train,all_signal_types,0,chemical
MANIFEST2,minute60,0.48291454792554545,train,all_signal_types,0,chemical
MANIFEST2,minute60,0.5040512394652411,train,all_signal_types,0,chemical
MANIFEST2,minute60,0.328058026030855,train,all_signal_types,0,chemical
MANIFEST2,minute60,0.3391056059682306,train,all_signal_types,0,chemical
MANIFEST2,minute60,0.7044099079805806,train,all_signal_types,0,chemical
MANIFEST2,minute60,0.658581481699472,train,all_signal_types,0,chemical
MANIFEST2,minute60,0.4019730346039025,train,all_signal_types,0,chemical
MANIFEST2,minute60,0.5354171404722285,train,all_signal_types,0,chemical
MANIFEST2,minute60,0.29582368938083026,train,all_signal_types,0,chemical
MANIFEST2,minute60,0.29493608360664253,train,all_signal_types,0,chemical
MANIFEST2,minute60,0.20730973768436894,train,all_signal_types,0,chemical
MANIFEST2,minute60,0.212095033603718,train,all_signal_types,0,chemical
MANIFEST2,minute60,0.3043001870904851,train,all_signal_types,0,chemical
MANIFEST2,minute60,0.35890476664861903,train,all_signal_types,0,chemical
MANIFEST2,minute60,0.21495447883973295,train,all_signal_types,0,chemical
MANIFEST2,minute60,0.2061304865973193,train,all_signal_types,0,chemical
MANIFEST2,minute60,0.27732829666765557,train,all_signal_types,0,chemical
MANIFEST2,minute60,0.3426338828873024,train,all_signal_types,0,chemical
MANIFEST2,minute60,0.547027119222603,train,all_signal_types,0,chemical
MANIFEST2,minute60,0.34818167520747795,train,all_signal_types,0,chemical
MANIFEST2,minute60,0.45544151560484564,train,all_signal_types,0,chemical
MANIFEST2,minute60,0.2856154370325932,train,all_signal_types,0,chemical
MANIFEST2,minute60,0.09491259506269528,train,all_signal_types,0,chemical
MANIFEST2,minute60,0.09727172906234982,train,all_signal_types,0,chemical
MANIFEST2,minute60,0.5589405206309522,train,all_signal_types,0,chemical
MANIFEST2,minute60,0.40323425730361684,train,all_signal_types,0,chemical
MANIFEST2,minute60,0.18250199794475314,train,all_signal_types,0,chemical
MANIFEST2,minute60,0.21605416314775416,train,all_signal_types,0,chemical
MANIFEST2,minute60,0.3064916989495162,train,all_signal_types,0,chemical
MANIFEST2,minute60,0.3848610983976819,train,all_signal_types,0,chemical
MANIFEST2,minute60,0.2678677888232774,train,all_signal_types,0,chemical
MANIFEST2,minute60,0.24556999912596203,train,all_signal_types,0,chemical
MANIFEST2,minute60,0.25121993674904025,train,all_signal_types,0,chemical
MANIFEST2,minute60,0.25369117753300896,train,all_signal_types,0,chemical
MANIFEST2,minute60,0.2591482478936533,train,all_signal_types,0,chemical
MANIFEST2,minute60,0.3003370208975427,train,all_signal_types,0,chemical
MANIFEST2,minute60,0.4048215116525558,train,all_signal_types,0,chemical
MANIFEST2,minute60,0.31427904928009476,train,all_signal_types,0,chemical
MANIFEST2,minute60,0.5152930433627608,train,all_signal_types,0,chemical
MANIFEST2,minute60,0.36169835373164727,train,all_signal_types,0,chemical
MANIFEST2,minute60,0.35613293024836973,train,all_signal_types,0,chemical
MANIFEST2,minute60,0.18436664534483388,train,all_signal_types,0,chemical
MANIFEST2,minute60,0.3271748271438285,train,all_signal_types,0,chemical
MANIFEST2,minute60,0.19955427279704502,train,all_signal_types,0,chemical
MANIFEST2,minute60,0.37360020864485033,train,all_signal_types,0,chemical
MANIFEST2,minute60,0.45422596463792597,train,all_signal_types,0,chemical
MANIFEST2,minute60,0.1932707559060859,train,all_signal_types,0,chemical
MANIFEST2,minute60,0.20567080883441774,train,all_signal_types,0,chemical
MANIFEST2,minute60,0.3131935404361075,train,all_signal_types,0,chemical
MANIFEST2,minute60,0.6193689812757133,train,all_signal_types,0,chemical
MANIFEST2,minute60,0.41909606337342814,train,all_signal_types,0,chemical
MANIFEST2,minute60,0.43535192551306745,train,all_signal_types,0,chemical
MANIFEST2,minute60,0.4688703630129355,train,all_signal_types,0,chemical
MANIFEST2,minute60,0.5036499305005254,train,all_signal_types,0,chemical
MANIFEST2,minute60,0.8109734936579183,train,all_signal_types,0,chemical
MANIFEST2,minute60,0.6503909085308253,train,all_signal_types,0,chemical
MANIFEST2,minute60,0.5276433024019149,train,all_signal_types,0,chemical
MANIFEST2,minute60,0.32932805730338705,train,all_signal_types,0,chemical
MANIFEST2,minute60,0.28665172914538156,train,all_signal_types,0,chemical
MANIFEST2,minute60,0.2923475392483066,train,all_signal_types,0,chemical
MANIFEST2,minute60,0.29074012227354934,train,all_signal_types,0,chemical
MANIFEST2,minute60,0.14782746099144214,train,all_signal_types,0,chemical
MANIFEST2,minute60,0.1478233285598501,train,all_signal_types,0,chemical
MANIFEST2,minute60,0.11498526848362678,train,all_signal_types,0,chemical
MANIFEST2,minute60,0.144110731328444,train,all_signal_types,0,chemical
MANIFEST2,minute60,0.1050208933877018,train,all_signal_types,0,chemical
MANIFEST2,minute60,0.06617080317908763,train,all_signal_types,0,chemical
MANIFEST2,minute60,0.0950526640923233,train,all_signal_types,0,chemical
MANIFEST2,minute60,0.08931159494026725,train,all_signal_types,0,chemical
MANIFEST2,minute60,0.1581074245555748,train,all_signal_types,0,chemical
MANIFEST2,minute60,0.18814489794779526,train,all_signal_types,0,chemical
MANIFEST2,minute60,0.16763129754740894,train,all_signal_types,0,chemical
MANIFEST2,minute60,0.16362097176160983,train,all_signal_types,0,chemical
MANIFEST2,minute60,0.16027673717394098,train,all_signal_types,0,chemical
MANIFEST2,minute60,0.12549140138698467,train,all_signal_types,0,chemical
MANIFEST2,minute60,0.08734152882007973,train,all_signal_types,0,chemical
MANIFEST2,minute60,0.06794246486731398,train,all_signal_types,0,chemical
MANIFEST2,minute60,0.13155869473468668,train,all_signal_types,0,chemical
MANIFEST2,minute60,0.12475429489235235,train,all_signal_types,0,chemical
MANIFEST2,minute60,0.19297549320492186,train,all_signal_types,0,chemical
MANIFEST2,minute60,0.08071653265419139,train,all_signal_types,0,chemical
MANIFEST2,minute60,0.07569954919155286,train,all_signal_types,0,chemical
MANIFEST2,minute60,0.0810161562446107,train,all_signal_types,0,chemical
MANIFEST2,minute60,0.1335113092126905,train,all_signal_types,0,chemical
MANIFEST2,minute60,0.26893913165267713,train,all_signal_types,0,chemical
MANIFEST2,minute60,0.2593003655487629,train,all_signal_types,0,chemical
MANIFEST2,minute60,0.2249067615007122,train,all_signal_types,0,chemical
MANIFEST2,minute60,0.1125308143514398,train,all_signal_types,0,chemical
MANIFEST2,minute60,0.12127258063455493,train,all_signal_types,0,chemical
MANIFEST2,minute60,0.464379002506789,train,all_signal_types,0,chemical
MANIFEST2,minute60,0.4461126512903591,train,all_signal_types,0,chemical
MANIFEST2,minute60,0.514610636039823,train,all_signal_types,0,chemical
MANIFEST2,minute60,0.38532606862093044,train,all_signal_types,0,chemical
MANIFEST2,minute60,0.1519172633842618,train,all_signal_types,0,chemical
MANIFEST2,minute60,0.4018120761328924,train,all_signal_types,0,chemical
MANIFEST2,minute60,0.21947002420694486,train,all_signal_types,0,chemical
MANIFEST2,minute60,0.19258625356794168,train,all_signal_types,0,chemical
MANIFEST2,minute60,0.34291381432711054,train,all_signal_types,0,chemical
MANIFEST2,minute60,0.4042282204824349,train,all_signal_types,0,chemical
MANIFEST2,minute60,0.35478936025284336,train,all_signal_types,0,chemical
MANIFEST2,minute60,0.15932658238426417,train,all_signal_types,0,chemical
MANIFEST2,minute60,0.3183694416003945,train,all_signal_types,0,chemical
MANIFEST2,minute60,0.15360840641477955,train,all_signal_types,0,chemical
MANIFEST2,minute60,0.20572900038108782,train,all_signal_types,0,chemical
MANIFEST2,minute60,0.08917755569894387,train,all_signal_types,0,chemical
MANIFEST2,minute60,0.32414358598791526,train,all_signal_types,0,chemical
MANIFEST2,minute60,0.12468107428249678,train,all_signal_types,0,chemical
MANIFEST2,minute60,0.08938154794715517,train,all_signal_types,0,chemical
MANIFEST2,minute60,0.37486437630234726,train,all_signal_types,0,chemical
MANIFEST2,minute60,0.3201228885070559,train,all_signal_types,0,chemical
MANIFEST2,minute60,0.35902475736099726,train,all_signal_types,0,chemical
MANIFEST2,minute60,0.335600608070807,train,all_signal_types,0,chemical
MANIFEST2,minute60,0.3182409136560743,train,all_signal_types,0,chemical
MANIFEST2,minute60,0.3903623582782838,train,all_signal_types,0,chemical
MANIFEST2,minute60,0.24853547752712254,train,all_signal_types,0,chemical
MANIFEST2,minute60,0.16436553556974706,train,all_signal_types,0,chemical
MANIFEST2,minute60,0.42350430383996696,train,all_signal_types,0,chemical
MANIFEST2,minute60,0.41267900147656933,train,all_signal_types,0,chemical
MANIFEST2,minute60,0.625415015746829,train,all_signal_types,0,chemical
MANIFEST2,minute60,0.21302404465493088,train,all_signal_types,0,chemical
MANIFEST2,minute60,0.35802578298011667,train,all_signal_types,0,chemical
MANIFEST2,minute60,0.3396403666541333,train,all_signal_types,0,chemical
MANIFEST2,minute60,0.3355567845514695,train,all_signal_types,0,chemical
MANIFEST2,minute60,0.430920543436857,train,all_signal_types,0,chemical
MANIFEST2,minute60,0.41094710856719885,train,all_signal_types,0,chemical
MANIFEST2,minute60,0.34052074754456335,train,all_signal_types,0,chemical
MANIFEST2,minute60,0.07412616732395844,train,all_signal_types,0,chemical
MANIFEST2,minute60,0.16255889057888587,train,all_signal_types,0,chemical
MANIFEST2,minute60,0.4188289012737889,train,all_signal_types,0,chemical
MANIFEST2,minute60,0.4520328073246143,train,all_signal_types,0,chemical
MANIFEST2,minute60,0.38841585311349786,train,all_signal_types,0,chemical
MANIFEST2,minute60,0.5037540832919674,train,all_signal_types,0,chemical
MANIFEST2,minute60,0.3346357367847246,train,all_signal_types,0,chemical
MANIFEST2,minute60,0.3216061639073521,train,all_signal_types,0,chemical
MANIFEST2,minute60,0.10642035870862163,train,all_signal_types,0,chemical
MANIFEST2,minute60,0.38640788784101154,train,all_signal_types,0,chemical
MANIFEST2,minute60,0.2432442154863224,train,all_signal_types,0,chemical
MANIFEST2,minute60,0.3795259444532626,train,all_signal_types,0,chemical
MANIFEST2,minute60,0.3511868052034643,train,all_signal_types,0,chemical
MANIFEST2,minute60,0.19597020945643867,train,all_signal_types,0,chemical
MANIFEST2,minute60,0.12310207083170441,train,all_signal_types,0,chemical
MANIFEST2,minute60,0.1155068633383286,train,all_signal_types,0,chemical
MANIFEST2,minute60,0.40013193114051204,train,all_signal_types,0,chemical
MANIFEST2,minute60,0.49815799847862996,train,all_signal_types,0,chemical
MANIFEST2,minute60,0.21247453911953387,train,all_signal_types,0,chemical
MANIFEST2,minute60,0.16365054907717252,train,all_signal_types,0,chemical
MANIFEST2,minute60,0.23062802215365724,train,all_signal_types,0,chemical
MANIFEST2,minute60,0.18462425633326462,train,all_signal_types,0,chemical
MANIFEST2,minute60,0.39778829203681815,train,all_signal_types,0,chemical
MANIFEST2,minute60,0.2134064989819217,train,all_signal_types,0,chemical
MANIFEST2,minute60,0.17718580972169568,train,all_signal_types,0,chemical
MANIFEST2,minute60,0.3416747700749465,train,all_signal_types,0,chemical
MANIFEST2,minute60,0.5516889824707494,train,all_signal_types,0,chemical
MANIFEST2,minute60,0.5507446436487899,train,all_signal_types,0,chemical
MANIFEST2,minute60,0.4443810509303101,train,all_signal_types,0,chemical
MANIFEST2,minute60,0.4516465041505053,train,all_signal_types,0,chemical
MANIFEST2,minute60,0.17471831734579232,train,all_signal_types,0,chemical
MANIFEST2,minute60,0.17516509809540118,train,all_signal_types,0,chemical
MANIFEST2,minute60,0.6467018934521532,train,all_signal_types,0,chemical
MANIFEST2,minute60,0.34856302469018174,train,all_signal_types,0,chemical
MANIFEST2,minute60,0.2209696681263684,train,all_signal_types,0,chemical
MANIFEST2,minute60,0.3728995262709213,train,all_signal_types,0,chemical
MANIFEST2,minute60,0.5258910512371183,train,all_signal_types,0,chemical
MANIFEST2,minute60,0.5444067007443234,train,all_signal_types,0,chemical
MANIFEST2,minute60,0.5632545459885017,train,all_signal_types,0,chemical
MANIFEST2,minute60,0.5015962128107503,train,all_signal_types,0,chemical
MANIFEST2,minute60,0.3181520568110629,train,all_signal_types,0,chemical
MANIFEST2,minute60,0.5363273329836726,train,all_signal_types,0,chemical
MANIFEST2,minute60,0.43712532288603095,train,all_signal_types,0,chemical
MANIFEST2,minute60,0.3142796343752149,train,all_signal_types,0,chemical
MANIFEST2,minute60,0.3170305127299401,train,all_signal_types,0,chemical
MANIFEST2,minute60,0.5546542264965966,train,all_signal_types,0,chemical
MANIFEST2,minute60,0.6656753006687077,train,all_signal_types,0,chemical
MANIFEST2,minute60,0.2321335032111023,train,all_signal_types,0,chemical
MANIFEST2,minute60,0.7337123184806209,train,all_signal_types,0,chemical
MANIFEST2,minute60,0.4227042264669173,train,all_signal_types,0,chemical
MANIFEST2,minute60,0.6112177866189848,train,all_signal_types,0,chemical
MANIFEST2,minute60,0.26902813279851673,train,all_signal_types,0,chemical
MANIFEST2,minute60,0.4160346799606198,train,all_signal_types,0,chemical
MANIFEST2,minute60,0.6045895617019437,train,all_signal_types,0,chemical
MANIFEST2,minute60,0.7896161238154706,train,all_signal_types,0,chemical
MANIFEST2,minute60,0.3306555903729417,train,all_signal_types,0,chemical
MANIFEST2,minute60,0.34679003009346665,train,all_signal_types,0,chemical
MANIFEST2,minute60,0.3009994443340938,train,all_signal_types,0,chemical
MANIFEST2,minute60,0.23212755281037495,train,all_signal_types,0,chemical
MANIFEST2,minute60,0.5051107562401462,train,all_signal_types,0,chemical
MANIFEST2,minute60,0.5853242795366427,train,all_signal_types,0,chemical
MANIFEST2,minute60,0.6389262837602697,train,all_signal_types,0,chemical
MANIFEST2,minute60,0.4779902524047762,train,all_signal_types,0,chemical
MANIFEST2,minute60,0.7270248629734466,train,all_signal_types,0,chemical
MANIFEST2,minute60,0.6959838637307326,train,all_signal_types,0,chemical
MANIFEST2,minute60,0.6316937913223004,train,all_signal_types,0,chemical
MANIFEST2,minute60,0.7548402631976666,train,all_signal_types,0,chemical
MANIFEST2,minute60,0.49600273324098465,train,all_signal_types,0,chemical
MANIFEST2,minute60,0.518277020377483,train,all_signal_types,0,chemical
MANIFEST2,minute60,0.41815849330832766,train,all_signal_types,0,chemical
MANIFEST2,minute60,0.45678188341713066,train,all_signal_types,0,chemical
MANIFEST2,minute60,0.4629561133848298,train,all_signal_types,0,chemical
MANIFEST2,minute60,0.2890307438241878,train,all_signal_types,0,chemical
MANIFEST2,minute60,0.3800031898243606,train,all_signal_types,0,chemical
MANIFEST2,minute60,0.3622229371130695,train,all_signal_types,0,chemical
MANIFEST2,minute60,0.272741026313723,train,all_signal_types,0,chemical
MANIFEST2,minute60,0.27784238289379815,train,all_signal_types,0,chemical
MANIFEST2,minute60,0.25542919828781185,train,all_signal_types,0,chemical
MANIFEST2,minute60,0.5658261512596874,train,all_signal_types,0,chemical
MANIFEST2,minute60,0.4463330443807329,train,all_signal_types,0,chemical
MANIFEST2,minute60,0.3941893156288183,train,all_signal_types,0,chemical
MANIFEST2,minute60,0.4639242393348628,train,all_signal_types,0,chemical
MANIFEST2,minute60,0.714745669445096,train,all_signal_types,0,chemical
MANIFEST2,minute60,0.7660096160520489,train,all_signal_types,0,chemical
MANIFEST2,minute60,0.7886950908089143,train,all_signal_types,0,chemical
MANIFEST2,minute60,0.4381124277385964,train,all_signal_types,0,chemical
MANIFEST2,minute60,0.7366755074645427,train,all_signal_types,0,chemical
MANIFEST2,minute60,0.6333130951319372,train,all_signal_types,0,chemical
MANIFEST2,minute60,0.47012352936946744,train,all_signal_types,0,chemical
MANIFEST2,minute60,0.4732350233243173,train,all_signal_types,0,chemical
MANIFEST2,minute60,0.436571122530783,train,all_signal_types,0,chemical
MANIFEST2,minute60,0.44815088018648364,train,all_signal_types,0,chemical
MANIFEST2,minute60,0.603767072214156,train,all_signal_types,0,chemical
MANIFEST2,minute60,0.6223337790214292,train,all_signal_types,0,chemical
MANIFEST2,minute60,0.41976819869828513,train,all_signal_types,0,chemical
MANIFEST2,minute60,0.5181907365596725,train,all_signal_types,0,chemical
MANIFEST2,minute60,0.5459790760917769,train,all_signal_types,0,chemical
MANIFEST2,minute60,0.3745882381620145,train,all_signal_types,0,chemical
MANIFEST2,minute60,0.5805819510339244,train,all_signal_types,0,chemical
MANIFEST2,minute60,0.5613397155519454,train,all_signal_types,0,chemical
MANIFEST2,minute60,0.48523620756656993,train,all_signal_types,0,chemical
MANIFEST2,minute60,0.6318788557711317,train,all_signal_types,0,chemical
MANIFEST2,minute60,0.5215615331656356,train,all_signal_types,0,chemical
MANIFEST2,minute60,0.47186677395323484,train,all_signal_types,0,chemical
MANIFEST2,minute60,0.5910083100235706,train,all_signal_types,0,chemical
MANIFEST2,minute60,0.4939561904240815,train,all_signal_types,0,chemical
MANIFEST2,minute60,0.6427334705962526,train,all_signal_types,0,chemical
MANIFEST2,minute60,0.5789777669344416,train,all_signal_types,0,chemical
MANIFEST2,minute60,0.5680024677067892,train,all_signal_types,0,chemical
MANIFEST2,minute60,0.7547267652035041,train,all_signal_types,0,chemical
MANIFEST2,minute60,0.4870388176632108,train,all_signal_types,0,chemical
MANIFEST2,minute60,0.5495675053805369,train,all_signal_types,0,chemical
MANIFEST2,minute60,0.5433850013440689,train,all_signal_types,0,chemical
MANIFEST2,minute60,0.5605936392849713,train,all_signal_types,0,chemical
MANIFEST2,minute60,0.5245483874900824,train,all_signal_types,0,chemical
MANIFEST2,minute60,0.7849798474240123,train,all_signal_types,0,chemical
MANIFEST2,minute60,0.8811954442208305,train,all_signal_types,0,chemical
MANIFEST2,minute60,0.8604635826153719,train,all_signal_types,0,chemical
MANIFEST2,minute60,0.881237691218387,train,all_signal_types,0,chemical
MANIFEST2,minute60,0.8611136258348187,train,all_signal_types,0,chemical
MANIFEST2,minute60,0.7648938648248214,train,all_signal_types,0,chemical
MANIFEST2,minute60,0.7651713187329843,train,all_signal_types,0,chemical
MANIFEST2,minute60,0.8701279877040873,train,all_signal_types,0,chemical
MANIFEST2,minute60,0.8125312312073585,train,all_signal_types,0,chemical
MANIFEST2,minute60,0.7925079368653893,train,all_signal_types,0,chemical
MANIFEST2,minute60,0.8494137752078117,train,all_signal_types,0,chemical
MANIFEST2,minute60,0.84949202787438,train,all_signal_types,0,chemical
MANIFEST2,minute60,0.8693413174151192,train,all_signal_types,0,chemical
MANIFEST2,minute60,0.47644834176965944,train,all_signal_types,0,chemical
MANIFEST2,minute60,0.6203975628623798,train,all_signal_types,0,chemical
MANIFEST2,minute60,0.5586626762424616,train,all_signal_types,0,chemical
MANIFEST2,minute60,0.3604418311934142,train,all_signal_types,0,chemical
MANIFEST2,minute60,0.49600545797044693,train,all_signal_types,0,chemical
MANIFEST2,minute60,0.6349910976675293,train,all_signal_types,0,chemical
MANIFEST2,minute60,0.6349951567193812,train,all_signal_types,0,chemical
MANIFEST2,minute60,0.6350837032633375,train,all_signal_types,0,chemical
MANIFEST2,minute60,0.2916136254248386,train,all_signal_types,0,chemical
MANIFEST2,minute60,0.41204803881529495,train,all_signal_types,0,chemical
MANIFEST2,minute60,0.16872587122755284,train,all_signal_types,0,chemical
MANIFEST2,minute60,0.2964935801713187,train,all_signal_types,0,chemical
MANIFEST2,minute60,0.2166576683272949,train,all_signal_types,0,chemical
MANIFEST2,minute60,0.21845666205998832,train,all_signal_types,0,chemical
MANIFEST2,minute60,0.7155129451103646,train,all_signal_types,0,chemical
MANIFEST2,minute60,0.7418625868327958,train,all_signal_types,0,chemical
MANIFEST2,minute60,0.7416107208356227,train,all_signal_types,0,chemical
MANIFEST2,minute60,0.7148436142241132,train,all_signal_types,0,chemical
MANIFEST2,minute60,0.13028250777292547,train,all_signal_types,0,chemical
MANIFEST2,minute60,0.13971544718746895,train,all_signal_types,0,chemical
MANIFEST2,minute60,0.12080374196812269,train,all_signal_types,0,chemical
MANIFEST2,minute60,0.12080192262621162,train,all_signal_types,0,chemical
MANIFEST2,minute60,0.19558684915059926,train,all_signal_types,0,chemical
MANIFEST2,minute60,0.12074683606020525,train,all_signal_types,0,chemical
MANIFEST2,minute60,0.6300044604629006,train,all_signal_types,0,chemical
MANIFEST2,minute60,0.6301168551342742,train,all_signal_types,0,chemical
MANIFEST2,minute60,0.24659731324406403,train,all_signal_types,0,chemical
MANIFEST2,minute60,0.23944264273067573,train,all_signal_types,0,chemical
MANIFEST2,minute60,0.23930519141859055,train,all_signal_types,0,chemical
MANIFEST2,minute60,0.2726839798786637,train,all_signal_types,0,chemical
MANIFEST2,minute60,0.7379000687528012,train,all_signal_types,0,chemical
MANIFEST2,minute60,0.7379050852250256,train,all_signal_types,0,chemical
MANIFEST2,minute60,0.18000464205220276,train,all_signal_types,0,chemical
MANIFEST2,minute60,0.2058533280402202,train,all_signal_types,0,chemical
MANIFEST2,minute60,0.20580604695607868,train,all_signal_types,0,chemical
MANIFEST2,minute60,0.21788121377623848,train,all_signal_types,0,chemical
MANIFEST2,minute60,0.20567152230477895,train,all_signal_types,0,chemical
MANIFEST2,minute60,0.2056700905814163,train,all_signal_types,0,chemical
MANIFEST2,minute60,0.20871780759399566,train,all_signal_types,0,chemical
MANIFEST2,minute60,0.23793227241482626,train,all_signal_types,0,chemical
MANIFEST2,minute60,0.20871787501028138,train,all_signal_types,0,chemical
MANIFEST2,minute60,0.7684168854245103,train,all_signal_types,0,chemical
MANIFEST2,minute60,0.7684494528898089,train,all_signal_types,0,chemical
MANIFEST2,minute60,0.20112677927925443,train,all_signal_types,0,chemical
MANIFEST2,minute60,0.17573733852814893,train,all_signal_types,0,chemical
MANIFEST2,minute60,0.1757330901341956,train,all_signal_types,0,chemical
MANIFEST2,minute60,0.17574661980430864,train,all_signal_types,0,chemical
MANIFEST2,minute60,0.17572970382901912,train,all_signal_types,0,chemical
MANIFEST2,minute60,0.1757387873782395,train,all_signal_types,0,chemical
MANIFEST2,minute60,0.16897639883331977,train,all_signal_types,0,chemical
MANIFEST2,minute60,0.2211590020967027,train,all_signal_types,0,chemical
MANIFEST2,minute60,0.2525783799724824,train,all_signal_types,0,chemical
MANIFEST2,minute60,0.15837951887657428,train,all_signal_types,0,chemical
MANIFEST2,minute60,0.15884270957153077,train,all_signal_types,0,chemical
MANIFEST2,minute60,0.15929143652216973,train,all_signal_types,0,chemical
MANIFEST2,minute60,0.1603761311264262,train,all_signal_types,0,chemical
MANIFEST2,minute60,0.20665240398539525,train,all_signal_types,0,chemical
MANIFEST2,minute60,0.21550282811683516,train,all_signal_types,0,chemical
MANIFEST2,minute60,0.2067028883316767,train,all_signal_types,0,chemical
MANIFEST2,minute60,0.20822160925016575,train,all_signal_types,0,chemical
MANIFEST2,minute60,0.7684711035914489,train,all_signal_types,0,chemical
MANIFEST2,minute60,0.2172953571345005,train,all_signal_types,0,chemical
MANIFEST2,minute60,0.7379257109478506,train,all_signal_types,0,chemical
MANIFEST2,minute60,0.7379258213749198,train,all_signal_types,0,chemical
MANIFEST2,minute60,0.7087164943875272,train,all_signal_types,0,chemical
MANIFEST2,minute60,0.6778485601509613,train,all_signal_types,0,chemical
MANIFEST2,minute60,0.6778485716908088,train,all_signal_types,0,chemical
MANIFEST2,minute60,0.20675067359172275,train,all_signal_types,0,chemical
MANIFEST2,minute60,0.34310483480275095,train,all_signal_types,0,chemical
MANIFEST2,minute60,0.17947920618449828,train,all_signal_types,0,chemical
MANIFEST2,minute60,0.18183914740593488,train,all_signal_types,0,chemical
MANIFEST2,minute60,0.16547673479711525,train,all_signal_types,0,chemical
MANIFEST2,minute60,0.18204311657461952,train,all_signal_types,0,chemical
MANIFEST2,minute60,0.18115383161065624,train,all_signal_types,0,chemical
MANIFEST2,minute60,0.18360971491510564,train,all_signal_types,0,chemical
MANIFEST2,minute60,0.26236682138095724,train,all_signal_types,0,chemical
MANIFEST2,minute60,0.1616515125676431,train,all_signal_types,0,chemical
MANIFEST2,minute60,0.2107639724663198,train,all_signal_types,0,chemical
MANIFEST2,minute60,0.2097597172534436,train,all_signal_types,0,chemical
MANIFEST2,minute60,0.26852462727898035,train,all_signal_types,0,chemical
MANIFEST2,minute60,0.3059891862499391,train,all_signal_types,0,chemical
MANIFEST2,minute60,0.4056734656622036,train,all_signal_types,0,chemical
MANIFEST2,minute60,0.46904653332014556,train,all_signal_types,0,chemical
MANIFEST2,minute60,0.31789364366234574,train,all_signal_types,0,chemical
MANIFEST2,minute60,0.22485866065243781,train,all_signal_types,0,chemical
MANIFEST2,minute60,0.3414134361956455,train,all_signal_types,0,chemical
MANIFEST2,minute60,0.26044158308729587,train,all_signal_types,0,chemical
MANIFEST2,minute60,0.24944236670707712,train,all_signal_types,0,chemical
MANIFEST2,minute60,0.2760365398521395,train,all_signal_types,0,chemical
MANIFEST2,minute60,0.2679205915482724,train,all_signal_types,0,chemical
MANIFEST2,minute60,0.3177756395525181,train,all_signal_types,0,chemical
MANIFEST2,minute60,0.3569897154047037,train,all_signal_types,0,chemical
MANIFEST2,minute60,0.25950758316785366,train,all_signal_types,0,chemical
MANIFEST2,minute60,0.40401740221381105,train,all_signal_types,0,chemical
MANIFEST2,minute60,0.38580863105190355,train,all_signal_types,0,chemical
MANIFEST2,minute60,0.49661104740215567,train,all_signal_types,0,chemical
MANIFEST2,minute60,0.7688120800636749,train,all_signal_types,0,chemical
MANIFEST2,minute60,0.3227182956333473,train,all_signal_types,0,chemical
MANIFEST2,minute60,0.26180536647848435,train,all_signal_types,0,chemical
MANIFEST2,minute60,0.32003876102320206,train,all_signal_types,0,chemical
MANIFEST2,minute60,0.2531321486058056,train,all_signal_types,0,chemical
MANIFEST2,minute60,0.40634262116103376,train,all_signal_types,0,chemical
MANIFEST2,minute60,0.4974546182802598,train,all_signal_types,0,chemical
MANIFEST2,minute60,0.3322705080144116,train,all_signal_types,0,chemical
MANIFEST2,minute60,0.35302701485120225,train,all_signal_types,0,chemical
MANIFEST2,minute60,0.3496544499377193,train,all_signal_types,0,chemical
MANIFEST2,minute60,0.20244394557149992,train,all_signal_types,0,chemical
MANIFEST2,minute60,0.37948377347921347,train,all_signal_types,0,chemical
MANIFEST2,minute60,0.29654890763253017,train,all_signal_types,0,chemical
MANIFEST2,minute60,0.34205430935771014,train,all_signal_types,0,chemical
MANIFEST2,minute60,0.33281626113884244,train,all_signal_types,0,chemical
MANIFEST2,minute60,0.27473979748711935,train,all_signal_types,0,chemical
MANIFEST2,minute60,0.3644377704804712,train,all_signal_types,0,chemical
MANIFEST2,minute60,0.5703928527208221,train,all_signal_types,0,chemical
MANIFEST2,minute60,0.5235701626155074,train,all_signal_types,0,chemical
MANIFEST2,minute60,0.4001815253258001,train,all_signal_types,0,chemical
MANIFEST2,minute60,0.5476604928088147,train,all_signal_types,0,chemical
MANIFEST2,minute60,0.5298788747940923,train,all_signal_types,0,chemical
MANIFEST2,minute60,0.45149820613588354,train,all_signal_types,0,chemical
MANIFEST2,minute60,0.5181631213405833,train,all_signal_types,0,chemical
MANIFEST2,minute60,0.12431843403527065,train,all_signal_types,0,chemical
MANIFEST2,minute60,0.12355744476486359,train,all_signal_types,0,chemical
MANIFEST2,minute60,0.2884734570827701,train,all_signal_types,0,chemical
MANIFEST2,minute60,0.3624102236472824,train,all_signal_types,0,chemical
MANIFEST2,minute60,0.3356251004225193,train,all_signal_types,0,chemical
MANIFEST2,minute60,0.1617105810918391,train,all_signal_types,0,chemical
MANIFEST2,minute60,0.3508781213869719,train,all_signal_types,0,chemical
MANIFEST2,minute60,0.3827844764988404,train,all_signal_types,0,chemical
MANIFEST2,minute60,0.18485891396572568,train,all_signal_types,0,chemical
MANIFEST2,minute60,0.22331832999654866,train,all_signal_types,0,chemical
MANIFEST2,minute60,0.32316365424568133,train,all_signal_types,0,chemical
MANIFEST2,minute60,0.2487673408800483,train,all_signal_types,0,chemical
MANIFEST2,minute60,0.27569326709860265,train,all_signal_types,0,chemical
MANIFEST2,minute60,0.3578925780862014,train,all_signal_types,0,chemical
MANIFEST2,minute60,0.1804449392025546,train,all_signal_types,0,chemical
MANIFEST2,minute60,0.34609521551582345,train,all_signal_types,0,chemical
MANIFEST2,minute60,0.4126941565528941,train,all_signal_types,0,chemical
MANIFEST2,minute60,0.2908113475834576,train,all_signal_types,0,chemical
MANIFEST2,minute60,0.2868253513068554,train,all_signal_types,0,chemical
MANIFEST2,minute60,0.39764176570090665,train,all_signal_types,0,chemical
MANIFEST2,minute60,0.23183306500876955,train,all_signal_types,0,chemical
MANIFEST2,minute60,0.24491757908348516,train,all_signal_types,0,chemical
MANIFEST2,minute60,0.23470527140817135,train,all_signal_types,0,chemical
MANIFEST2,minute60,0.3561352495027005,train,all_signal_types,0,chemical
MANIFEST2,minute60,0.4833243254688615,train,all_signal_types,0,chemical
MANIFEST2,minute60,0.41027041574175926,train,all_signal_types,0,chemical
MANIFEST2,minute60,0.3603383051407304,train,all_signal_types,0,chemical
MANIFEST2,minute60,0.37850974855097036,train,all_signal_types,0,chemical
MANIFEST2,minute60,0.4721451853839102,train,all_signal_types,0,chemical
MANIFEST2,minute60,0.3674112808928719,train,all_signal_types,0,chemical
MANIFEST2,minute60,0.2907219323197304,train,all_signal_types,0,chemical
MANIFEST2,minute60,0.18358105857679496,train,all_signal_types,0,chemical
MANIFEST2,minute60,0.2339729857779248,train,all_signal_types,0,chemical
MANIFEST2,minute60,0.28968372757691463,train,all_signal_types,0,chemical
MANIFEST2,minute60,0.16537046152944565,train,all_signal_types,0,chemical
MANIFEST2,minute60,0.586428307470903,train,all_signal_types,0,chemical
MANIFEST2,minute60,0.6256642260609115,train,all_signal_types,0,chemical
MANIFEST2,minute60,0.5981201594588509,train,all_signal_types,0,chemical
MANIFEST2,minute60,0.3921026480451661,train,all_signal_types,0,chemical
MANIFEST2,minute60,0.04912076530635942,train,all_signal_types,0,chemical
MANIFEST2,minute60,0.0466617695180396,train,all_signal_types,0,chemical
MANIFEST2,minute60,0.1045860434725024,train,all_signal_types,0,chemical
MANIFEST2,minute60,0.08039327171279773,train,all_signal_types,0,chemical
MANIFEST2,minute60,0.22981319631978003,train,all_signal_types,0,chemical
MANIFEST2,minute60,0.29962901591438235,train,all_signal_types,0,chemical
MANIFEST2,minute60,0.0772596675812902,train,all_signal_types,0,chemical
MANIFEST2,minute60,0.16416245005107927,train,all_signal_types,0,chemical
MANIFEST2,minute60,0.14577528961854452,train,all_signal_types,0,chemical
MANIFEST2,minute60,0.3829949332797433,train,all_signal_types,0,chemical
MANIFEST2,minute60,0.07951515588426386,train,all_signal_types,0,chemical
MANIFEST2,minute60,0.06927578594858862,train,all_signal_types,0,chemical
MANIFEST2,minute60,0.13755710471064425,train,all_signal_types,0,chemical
MANIFEST2,minute60,0.09457100785680587,train,all_signal_types,0,chemical
MANIFEST2,minute60,0.08173980466686911,train,all_signal_types,0,chemical
MANIFEST2,minute60,0.06308707135350686,train,all_signal_types,0,chemical
MANIFEST2,minute60,0.13893639842981279,train,all_signal_types,0,chemical
MANIFEST2,minute60,0.22373506832697737,train,all_signal_types,0,chemical
MANIFEST2,minute60,0.2271919725844814,train,all_signal_types,0,chemical
MANIFEST2,minute60,0.12934566236385614,train,all_signal_types,0,chemical
MANIFEST2,minute60,0.24986953191303435,train,all_signal_types,0,chemical
MANIFEST2,minute60,0.32105861755534004,train,all_signal_types,0,chemical
MANIFEST2,minute60,0.16977195348699453,train,all_signal_types,0,chemical
MANIFEST2,minute60,0.11977693543598192,train,all_signal_types,0,chemical
MANIFEST2,minute60,0.15270982145170886,train,all_signal_types,0,chemical
MANIFEST2,minute60,0.07611091704680935,train,all_signal_types,0,chemical
MANIFEST2,minute60,0.24994060060523288,train,all_signal_types,0,chemical
MANIFEST2,minute60,0.19239522439130183,train,all_signal_types,0,chemical
MANIFEST2,minute60,0.2410002225624636,train,all_signal_types,0,chemical
MANIFEST2,minute60,0.15722865085828966,train,all_signal_types,0,chemical
MANIFEST2,minute60,0.3566988498017156,train,all_signal_types,0,chemical
MANIFEST2,minute60,0.30973954960242994,train,all_signal_types,0,chemical
MANIFEST2,minute60,0.22216738018689652,train,all_signal_types,0,chemical
MANIFEST2,minute60,0.0858606282932233,train,all_signal_types,0,chemical
MANIFEST2,minute60,0.3538073355777634,train,all_signal_types,0,chemical
MANIFEST2,minute60,0.07613814770609387,train,all_signal_types,0,chemical
MANIFEST2,minute60,0.10395122233920959,train,all_signal_types,0,chemical
MANIFEST2,minute60,0.21706630137596916,train,all_signal_types,0,chemical
MANIFEST2,minute60,0.1774816371192645,train,all_signal_types,0,chemical
MANIFEST2,minute60,0.3458778022048326,train,all_signal_types,0,chemical
MANIFEST2,minute60,0.12872178072399143,train,all_signal_types,0,chemical
MANIFEST2,minute60,0.1781469686770392,train,all_signal_types,0,chemical
MANIFEST2,minute60,0.19735221521929525,train,all_signal_types,0,chemical
MANIFEST2,minute60,0.13496956184431075,train,all_signal_types,0,chemical
MANIFEST2,minute60,0.05293810684748465,train,all_signal_types,0,chemical
MANIFEST2,minute60,0.06617455837925496,train,all_signal_types,0,chemical
MANIFEST2,minute60,0.08166688284638866,train,all_signal_types,0,chemical
MANIFEST2,minute60,0.07268178187442134,train,all_signal_types,0,chemical
MANIFEST2,minute60,0.1304491094709362,train,all_signal_types,0,chemical
MANIFEST2,minute60,0.053068323449844815,train,all_signal_types,0,chemical
MANIFEST2,minute60,0.06708403002286455,train,all_signal_types,0,chemical
MANIFEST2,minute60,0.07391501369885532,train,all_signal_types,0,chemical
MANIFEST2,minute60,0.047885494858570306,train,all_signal_types,0,chemical
MANIFEST2,minute60,0.04343312378304856,train,all_signal_types,0,chemical
MANIFEST2,minute60,0.059535863650503035,train,all_signal_types,0,chemical
MANIFEST2,minute60,0.03108317048035132,train,all_signal_types,0,chemical
MANIFEST2,minute60,0.041926853987112725,train,all_signal_types,0,chemical
MANIFEST2,minute60,0.03994219939458904,train,all_signal_types,0,chemical
MANIFEST2,minute60,0.02856872074792052,train,all_signal_types,0,chemical
MANIFEST2,minute60,0.049900163994516585,train,all_signal_types,0,chemical
MANIFEST2,minute60,0.06497855677165457,train,all_signal_types,0,chemical
MANIFEST2,minute60,0.052189677040797765,train,all_signal_types,0,chemical
MANIFEST2,minute60,0.05540602593616114,train,all_signal_types,0,chemical
MANIFEST2,minute60,0.06430438628795625,train,all_signal_types,0,chemical
MANIFEST2,minute60,0.055477775531656184,train,all_signal_types,0,chemical
MANIFEST2,minute60,0.06650019959163281,train,all_signal_types,0,chemical
MANIFEST2,minute60,0.20738701279864924,train,all_signal_types,0,chemical
MANIFEST2,minute60,0.12090005204817014,train,all_signal_types,0,chemical
MANIFEST2,minute60,0.042823603011366965,train,all_signal_types,0,chemical
MANIFEST2,minute60,0.04453258114420312,train,all_signal_types,0,chemical
MANIFEST2,minute60,0.04359803147874604,train,all_signal_types,0,chemical
MANIFEST2,minute60,0.049526187568455296,train,all_signal_types,0,chemical
MANIFEST2,minute60,0.05246175074343769,train,all_signal_types,0,chemical
MANIFEST2,minute60,0.056722729538155645,train,all_signal_types,0,chemical
MANIFEST2,minute60,0.06047409125173802,train,all_signal_types,0,chemical
MANIFEST2,minute60,0.0575487038969913,train,all_signal_types,0,chemical
MANIFEST2,minute60,0.06922284982732996,train,all_signal_types,0,chemical
MANIFEST2,minute60,0.09558234566404657,train,all_signal_types,0,chemical
MANIFEST2,minute60,0.09521638677189823,train,all_signal_types,0,chemical
MANIFEST2,minute60,0.03940752534473063,train,all_signal_types,0,chemical
MANIFEST2,minute60,0.03916957449969927,train,all_signal_types,0,chemical
MANIFEST2,minute60,0.0446402619065983,train,all_signal_types,0,chemical
MANIFEST2,minute60,0.04530616345793529,train,all_signal_types,0,chemical
MANIFEST2,minute60,0.05683037826895214,train,all_signal_types,0,chemical
MANIFEST2,minute60,0.06740935119726524,train,all_signal_types,0,chemical
MANIFEST2,minute60,0.0687097004114653,train,all_signal_types,0,chemical
MANIFEST2,minute60,0.050133655703391636,train,all_signal_types,0,chemical
MANIFEST2,minute60,0.04956437914024778,train,all_signal_types,0,chemical
MANIFEST2,minute60,0.05791420070938119,train,all_signal_types,0,chemical
MANIFEST2,minute60,0.05825106431295064,train,all_signal_types,0,chemical
MANIFEST2,minute60,0.04096049853929959,train,all_signal_types,0,chemical
MANIFEST2,minute60,0.035446192045256605,train,all_signal_types,0,chemical
MANIFEST2,minute60,0.0564691337787413,train,all_signal_types,0,chemical
MANIFEST2,minute60,0.05043817270498953,train,all_signal_types,0,chemical
MANIFEST2,minute60,0.06318387646594262,train,all_signal_types,0,chemical
MANIFEST2,minute60,0.17833160041072232,train,all_signal_types,0,chemical
MANIFEST2,minute60,0.4693265002527093,train,all_signal_types,0,chemical
MANIFEST2,minute60,0.11093736925201413,train,all_signal_types,0,chemical
MANIFEST2,minute60,0.3587290129839201,train,all_signal_types,0,chemical
MANIFEST2,minute60,0.43122938847531866,train,all_signal_types,0,chemical
MANIFEST2,minute60,0.06517866104473775,train,all_signal_types,0,chemical
MANIFEST2,minute60,0.04093820605568314,train,all_signal_types,0,chemical
MANIFEST2,minute60,0.053272182083575904,train,all_signal_types,0,chemical
MANIFEST2,minute60,0.22598348181904546,valid,all_signal_types,0,chemical
MANIFEST2,minute60,0.46286412906303864,valid,all_signal_types,0,chemical
MANIFEST2,minute60,0.6061608321512126,valid,all_signal_types,0,chemical
MANIFEST2,minute60,0.4548977487560937,valid,all_signal_types,0,chemical
MANIFEST2,minute60,0.3850300346854365,valid,all_signal_types,0,chemical
MANIFEST2,minute60,0.35132581861955303,valid,all_signal_types,0,chemical
MANIFEST2,minute60,0.30250157807471145,valid,all_signal_types,0,chemical
MANIFEST2,minute60,0.29958718895943337,valid,all_signal_types,0,chemical
MANIFEST2,minute60,0.33363726425766393,valid,all_signal_types,0,chemical
MANIFEST2,minute60,0.32247606803590634,valid,all_signal_types,0,chemical
MANIFEST2,minute60,0.6603807559864823,valid,all_signal_types,0,chemical
MANIFEST2,minute60,0.3999121785702806,valid,all_signal_types,0,chemical
MANIFEST2,minute60,0.39906272297245204,valid,all_signal_types,0,chemical
MANIFEST2,minute60,0.5209450893350769,valid,all_signal_types,0,chemical
MANIFEST2,minute60,0.7699103059738803,valid,all_signal_types,0,chemical
MANIFEST2,minute60,0.8238936877302048,valid,all_signal_types,0,chemical
MANIFEST2,minute60,0.6236275676757277,valid,all_signal_types,0,chemical
MANIFEST2,minute60,0.6302945196712713,valid,all_signal_types,0,chemical
MANIFEST2,minute60,0.8061526327239776,valid,all_signal_types,0,chemical
MANIFEST2,minute60,0.5652295391475473,valid,all_signal_types,0,chemical
MANIFEST2,minute60,0.7599693159418702,valid,all_signal_types,0,chemical
MANIFEST2,minute60,0.6374844898500399,valid,all_signal_types,0,chemical
MANIFEST2,minute60,0.6008145538931082,valid,all_signal_types,0,chemical
MANIFEST2,minute60,0.6483861251947592,valid,all_signal_types,0,chemical
MANIFEST2,minute60,0.6077266350371957,valid,all_signal_types,0,chemical
MANIFEST2,minute60,0.811405327289916,valid,all_signal_types,0,chemical
MANIFEST2,minute60,0.5116558235096017,valid,all_signal_types,0,chemical
MANIFEST2,minute60,0.5119937947243064,valid,all_signal_types,0,chemical
MANIFEST2,minute60,0.4293404569995446,valid,all_signal_types,0,chemical
MANIFEST2,minute60,0.8199000234396334,valid,all_signal_types,0,chemical
MANIFEST2,minute60,0.7479973996884433,valid,all_signal_types,0,chemical
MANIFEST2,minute60,0.6368489459977626,valid,all_signal_types,0,chemical
MANIFEST2,minute60,0.7315897466767689,valid,all_signal_types,0,chemical
MANIFEST2,minute60,0.6327916122239048,valid,all_signal_types,0,chemical
MANIFEST2,minute60,0.4241578161157154,valid,all_signal_types,0,chemical
MANIFEST2,minute60,0.7300115795063171,valid,all_signal_types,0,chemical
MANIFEST2,minute60,0.5806841011913371,valid,all_signal_types,0,chemical
MANIFEST2,minute60,0.7910167041921721,valid,all_signal_types,0,chemical
MANIFEST2,minute60,0.5881844547750257,valid,all_signal_types,0,chemical
MANIFEST2,minute60,0.4194982103940253,valid,all_signal_types,0,chemical
MANIFEST2,minute60,0.6280717681029244,valid,all_signal_types,0,chemical
MANIFEST2,minute60,0.5919392131457178,valid,all_signal_types,0,chemical
MANIFEST2,minute60,0.5380466307615446,valid,all_signal_types,0,chemical
MANIFEST2,minute60,0.7677361468761024,valid,all_signal_types,0,chemical
MANIFEST2,minute60,0.7134637038499152,valid,all_signal_types,0,chemical
MANIFEST2,minute60,0.7626450276603651,valid,all_signal_types,0,chemical
MANIFEST2,minute60,0.6840297157958866,valid,all_signal_types,0,chemical
MANIFEST2,minute60,0.7722379289815163,valid,all_signal_types,0,chemical
MANIFEST2,minute60,0.5867715020577505,valid,all_signal_types,0,chemical
MANIFEST2,minute60,0.6215560760272925,valid,all_signal_types,0,chemical
MANIFEST2,minute60,0.7881378013349578,valid,all_signal_types,0,chemical
MANIFEST2,minute60,0.43853724414461237,valid,all_signal_types,0,chemical
MANIFEST2,minute60,0.4623007872603988,valid,all_signal_types,0,chemical
MANIFEST2,minute60,0.4918915092246463,valid,all_signal_types,0,chemical
MANIFEST2,minute60,0.48679176305278593,valid,all_signal_types,0,chemical
MANIFEST2,minute60,0.506201823863996,valid,all_signal_types,0,chemical
MANIFEST2,minute60,0.5520493395725286,valid,all_signal_types,0,chemical
MANIFEST2,minute60,0.65559753539232,valid,all_signal_types,0,chemical
MANIFEST2,minute60,0.4559732786909518,valid,all_signal_types,0,chemical
MANIFEST2,minute60,0.6617200140232165,valid,all_signal_types,0,chemical
MANIFEST2,minute60,0.7613177247152835,valid,all_signal_types,0,chemical
MANIFEST2,minute60,0.780678268855574,valid,all_signal_types,0,chemical
MANIFEST2,minute60,0.7596713701636901,valid,all_signal_types,0,chemical
MANIFEST2,minute60,0.5834460560932839,valid,all_signal_types,0,chemical
MANIFEST2,minute60,0.6299584132683671,valid,all_signal_types,0,chemical
MANIFEST2,minute60,0.48908387338651443,valid,all_signal_types,0,chemical
MANIFEST2,minute60,0.6967740049144928,valid,all_signal_types,0,chemical
MANIFEST2,minute60,0.7051759119836625,valid,all_signal_types,0,chemical
MANIFEST2,minute60,0.8130705621862876,valid,all_signal_types,0,chemical
MANIFEST2,minute60,0.7745822304732253,valid,all_signal_types,0,chemical
MANIFEST2,minute60,0.28352184309831907,valid,all_signal_types,0,chemical
MANIFEST2,minute60,0.41784166945411005,valid,all_signal_types,0,chemical
MANIFEST2,minute60,0.5219261192117659,valid,all_signal_types,0,chemical
MANIFEST2,minute60,0.5498173697274942,valid,all_signal_types,0,chemical
MANIFEST2,minute60,0.4951742754911965,valid,all_signal_types,0,chemical
MANIFEST2,minute60,0.4595623531295713,valid,all_signal_types,0,chemical
MANIFEST2,minute60,0.46714794360947653,valid,all_signal_types,0,chemical
MANIFEST2,minute60,0.49752132126629267,valid,all_signal_types,0,chemical
MANIFEST2,minute60,0.7515292468805108,valid,all_signal_types,0,chemical
MANIFEST2,minute60,0.5638926029494153,valid,all_signal_types,0,chemical
MANIFEST2,minute60,0.6547958266285705,valid,all_signal_types,0,chemical
MANIFEST2,minute60,0.7520631638399474,valid,all_signal_types,0,chemical
MANIFEST2,minute60,0.556103146332734,valid,all_signal_types,0,chemical
MANIFEST2,minute60,0.8048956045074991,valid,all_signal_types,0,chemical
MANIFEST2,minute60,0.7079474728233441,valid,all_signal_types,0,chemical
MANIFEST2,minute60,0.6789712033134871,valid,all_signal_types,0,chemical
MANIFEST2,minute60,0.6731173153585949,valid,all_signal_types,0,chemical
MANIFEST2,minute60,0.5172899746438306,valid,all_signal_types,0,chemical
MANIFEST2,minute60,0.613703131343119,valid,all_signal_types,0,chemical
MANIFEST2,minute60,0.5716698119745145,valid,all_signal_types,0,chemical
MANIFEST2,minute60,0.6952521210908612,valid,all_signal_types,0,chemical
MANIFEST2,minute60,0.6621375198736973,valid,all_signal_types,0,chemical
MANIFEST2,minute60,0.45107400062341685,valid,all_signal_types,0,chemical
MANIFEST2,minute60,0.5277528729701624,valid,all_signal_types,0,chemical
MANIFEST2,minute60,0.8426880074662519,valid,all_signal_types,0,chemical
MANIFEST2,minute60,0.7810307768473128,valid,all_signal_types,0,chemical
MANIFEST2,minute60,0.690801478521285,valid,all_signal_types,0,chemical
MANIFEST2,minute60,0.6407068137556134,valid,all_signal_types,0,chemical
MANIFEST2,minute60,0.5131951287796411,valid,all_signal_types,0,chemical
MANIFEST2,minute60,0.5395909234691446,valid,all_signal_types,0,chemical
MANIFEST2,minute60,0.6325652907730165,valid,all_signal_types,0,chemical
MANIFEST2,minute60,0.6995602828328079,valid,all_signal_types,0,chemical
MANIFEST2,minute60,0.5891530515037252,valid,all_signal_types,0,chemical
MANIFEST2,minute60,0.732389178025933,valid,all_signal_types,0,chemical
MANIFEST2,minute60,0.6058845891295421,valid,all_signal_types,0,chemical
MANIFEST2,minute60,0.5891153825413603,valid,all_signal_types,0,chemical
MANIFEST2,minute60,0.744509429685329,valid,all_signal_types,0,chemical
MANIFEST2,minute60,0.4224288914219859,valid,all_signal_types,0,chemical
MANIFEST2,minute60,0.38884022998542694,valid,all_signal_types,0,chemical
MANIFEST2,minute60,0.5030409560561574,valid,all_signal_types,0,chemical
MANIFEST2,minute60,0.41240432300105045,valid,all_signal_types,0,chemical
MANIFEST2,minute60,0.3219867124741794,valid,all_signal_types,0,chemical
MANIFEST2,minute60,0.7127010656778632,valid,all_signal_types,0,chemical
MANIFEST2,minute60,0.5605755570563595,valid,all_signal_types,0,chemical
MANIFEST2,minute60,0.5130193848219566,valid,all_signal_types,0,chemical
MANIFEST2,minute60,0.7530139296652905,valid,all_signal_types,0,chemical
MANIFEST2,minute60,0.5493045116699323,valid,all_signal_types,0,chemical
MANIFEST2,minute60,0.7388665071829147,valid,all_signal_types,0,chemical
MANIFEST2,minute60,0.5907723081482198,valid,all_signal_types,0,chemical
MANIFEST2,minute60,0.6874669292840245,valid,all_signal_types,0,chemical
MANIFEST2,minute60,0.7645820875498004,valid,all_signal_types,0,chemical
MANIFEST2,minute60,0.7500152166622617,valid,all_signal_types,0,chemical
MANIFEST2,minute60,0.7980133557696589,valid,all_signal_types,0,chemical
MANIFEST2,minute60,0.7413298833031603,valid,all_signal_types,0,chemical
MANIFEST2,minute60,0.5928830035530224,valid,all_signal_types,0,chemical
MANIFEST2,minute60,0.6175178318639304,valid,all_signal_types,0,chemical
MANIFEST2,minute60,0.7332607448261615,valid,all_signal_types,0,chemical
MANIFEST2,minute60,0.7853933777836343,valid,all_signal_types,0,chemical
MANIFEST2,minute60,0.820766471718116,valid,all_signal_types,0,chemical
MANIFEST2,minute60,0.7611848632735158,valid,all_signal_types,0,chemical
MANIFEST2,minute60,0.7745019316221311,valid,all_signal_types,0,chemical
MANIFEST2,minute60,0.8252617043352026,valid,all_signal_types,0,chemical
MANIFEST2,minute60,0.7533626467669674,valid,all_signal_types,0,chemical
MANIFEST2,minute60,0.6572784800752693,valid,all_signal_types,0,chemical
MANIFEST2,minute60,0.47298964507553887,valid,all_signal_types,0,chemical
MANIFEST2,minute60,0.6875477872599669,valid,all_signal_types,0,chemical
MANIFEST2,minute60,0.7535397990728234,valid,all_signal_types,0,chemical
MANIFEST2,minute60,0.6408460559863787,valid,all_signal_types,0,chemical
MANIFEST2,minute60,0.7789435203614012,valid,all_signal_types,0,chemical
MANIFEST2,minute60,0.7012535935211446,valid,all_signal_types,0,chemical
MANIFEST2,minute60,0.6595134435782377,valid,all_signal_types,0,chemical
MANIFEST2,minute60,0.6331462628460978,valid,all_signal_types,0,chemical
MANIFEST2,minute60,0.5001350475941369,valid,all_signal_types,0,chemical
MANIFEST2,minute60,0.6588643973304205,valid,all_signal_types,0,chemical
MANIFEST2,minute60,0.6231477947182933,valid,all_signal_types,0,chemical
MANIFEST2,minute60,0.4424966640981119,valid,all_signal_types,0,chemical
MANIFEST2,minute60,0.6226658098256497,valid,all_signal_types,0,chemical
MANIFEST2,minute60,0.7314548834576249,valid,all_signal_types,0,chemical
MANIFEST2,minute60,0.6211908119130154,valid,all_signal_types,0,chemical
MANIFEST2,minute60,0.6200441118792939,valid,all_signal_types,0,chemical
MANIFEST2,minute60,0.7474485557042421,valid,all_signal_types,0,chemical
MANIFEST2,minute60,0.584697359046862,valid,all_signal_types,0,chemical
MANIFEST2,minute60,0.38037299413016057,valid,all_signal_types,0,chemical
MANIFEST2,minute60,0.39316152056321574,valid,all_signal_types,0,chemical
MANIFEST2,minute60,0.7915674219138737,valid,all_signal_types,0,chemical
